area,age,price,Iteration
3974,39,1768024,1
1660,18,1815328,1
2094,4,7305068,1
1930,25,586720,1
1895,14,3891066,1
3892,9,10057747,1
2438,26,2416328,1
2969,2,5856352,1
1266,20,908144,1
2038,28,1623427,1
1130,47,732517,1
2282,7,3349170,1
2935,44,2246905,1
3971,8,4769612,1
3719,47,1645494,1
930,35,752266,1
2485,14,1440264,1
1569,17,1567837,1
3191,36,983660,1
2315,40,1544568,1
3653,4,3595595,1
3233,2,7532890,1
2015,6,5744009,1
1755,42,1106325,1
3124,4,9070757,1
1984,29,1570921,1
1259,18,1843086,1
821,26,725672,1
3100,44,688888,1
1547,34,1006604,1
3704,10,3294708,1
1274,36,1101456,1
1882,14,3218219,1
3358,31,3373561,1
2847,48,737274,1
3547,15,4900535,1
1775,8,4580486,1
2606,14,2987127,1
989,23,540653,1
3805,40,2394106,1
3534,21,4253340,1
3805,16,4236721,1
1362,45,934332,1
2699,18,2477296,1
2067,47,710757,1
3679,24,5204702,1
2328,26,2366800,1
1446,25,1026660,1
2868,45,1924167,1
3688,41,3499984,1
3974,39,1768024,2
1660,18,1815328,2
2094,4,7305068,2
1930,25,586720,2
1895,14,3891066,2
3892,9,10057747,2
2438,26,2416328,2
2969,2,5856352,2
1266,20,908144,2
2038,28,1623427,2
1130,47,732517,2
2282,7,3349170,2
2935,44,2246905,2
3971,8,4769612,2
3719,47,1645494,2
930,35,752266,2
2485,14,1440264,2
1569,17,1567837,2
3191,36,983660,2
2315,40,1544568,2
3653,4,3595595,2
3233,2,7532890,2
2015,6,5744009,2
1755,42,1106325,2
3124,4,9070757,2
1984,29,1570921,2
1259,18,1843086,2
821,26,725672,2
3100,44,688888,2
1547,34,1006604,2
3704,10,3294708,2
1274,36,1101456,2
1882,14,3218219,2
3358,31,3373561,2
2847,48,737274,2
3547,15,4900535,2
1775,8,4580486,2
2606,14,2987127,2
989,23,540653,2
3805,40,2394106,2
3534,21,4253340,2
3805,16,4236721,2
1362,45,934332,2
2699,18,2477296,2
2067,47,710757,2
3679,24,5204702,2
2328,26,2366800,2
1446,25,1026660,2
2868,45,1924167,2
3688,41,3499984,2
3974,39,1768024,3
1660,18,1815328,3
2094,4,7305068,3
1930,25,586720,3
1895,14,3891066,3
3892,9,10057747,3
2438,26,2416328,3
2969,2,5856352,3
1266,20,908144,3
2038,28,1623427,3
1130,47,732517,3
2282,7,3349170,3
2935,44,2246905,3
3971,8,4769612,3
3719,47,1645494,3
930,35,752266,3
2485,14,1440264,3
1569,17,1567837,3
3191,36,983660,3
2315,40,1544568,3
3653,4,3595595,3
3233,2,7532890,3
2015,6,5744009,3
1755,42,1106325,3
3124,4,9070757,3
1984,29,1570921,3
1259,18,1843086,3
821,26,725672,3
3100,44,688888,3
1547,34,1006604,3
3704,10,3294708,3
1274,36,1101456,3
1882,14,3218219,3
3358,31,3373561,3
2847,48,737274,3
3547,15,4900535,3
1775,8,4580486,3
2606,14,2987127,3
989,23,540653,3
3805,40,2394106,3
3534,21,4253340,3
3805,16,4236721,3
1362,45,934332,3
2699,18,2477296,3
2067,47,710757,3
3679,24,5204702,3
2328,26,2366800,3
1446,25,1026660,3
2868,45,1924167,3
3688,41,3499984,3
3974,39,1768024,4
1660,18,1815328,4
2094,4,7305068,4
1930,25,586720,4
1895,14,3891066,4
3892,9,10057747,4
2438,26,2416328,4
2969,2,5856352,4
1266,20,908144,4
2038,28,1623427,4
1130,47,732517,4
2282,7,3349170,4
2935,44,2246905,4
3971,8,4769612,4
3719,47,1645494,4
930,35,752266,4
2485,14,1440264,4
1569,17,1567837,4
3191,36,983660,4
2315,40,1544568,4
3653,4,3595595,4
3233,2,7532890,4
2015,6,5744009,4
1755,42,1106325,4
3124,4,9070757,4
1984,29,1570921,4
1259,18,1843086,4
821,26,725672,4
3100,44,688888,4
1547,34,1006604,4
3704,10,3294708,4
1274,36,1101456,4
1882,14,3218219,4
3358,31,3373561,4
2847,48,737274,4
3547,15,4900535,4
1775,8,4580486,4
2606,14,2987127,4
989,23,540653,4
3805,40,2394106,4
3534,21,4253340,4
3805,16,4236721,4
1362,45,934332,4
2699,18,2477296,4
2067,47,710757,4
3679,24,5204702,4
2328,26,2366800,4
1446,25,1026660,4
2868,45,1924167,4
3688,41,3499984,4
3974,39,1768024,5
1660,18,1815328,5
2094,4,7305068,5
1930,25,586720,5
1895,14,3891066,5
3892,9,10057747,5
2438,26,2416328,5
2969,2,5856352,5
1266,20,908144,5
2038,28,1623427,5
1130,47,732517,5
2282,7,3349170,5
2935,44,2246905,5
3971,8,4769612,5
3719,47,1645494,5
930,35,752266,5
2485,14,1440264,5
1569,17,1567837,5
3191,36,983660,5
2315,40,1544568,5
3653,4,3595595,5
3233,2,7532890,5
2015,6,5744009,5
1755,42,1106325,5
3124,4,9070757,5
1984,29,1570921,5
1259,18,1843086,5
821,26,725672,5
3100,44,688888,5
1547,34,1006604,5
3704,10,3294708,5
1274,36,1101456,5
1882,14,3218219,5
3358,31,3373561,5
2847,48,737274,5
3547,15,4900535,5
1775,8,4580486,5
2606,14,2987127,5
989,23,540653,5
3805,40,2394106,5
3534,21,4253340,5
3805,16,4236721,5
1362,45,934332,5
2699,18,2477296,5
2067,47,710757,5
3679,24,5204702,5
2328,26,2366800,5
1446,25,1026660,5
2868,45,1924167,5
3688,41,3499984,5
3974,39,1768024,6
1660,18,1815328,6
2094,4,7305068,6
1930,25,586720,6
1895,14,3891066,6
3892,9,10057747,6
2438,26,2416328,6
2969,2,5856352,6
1266,20,908144,6
2038,28,1623427,6
1130,47,732517,6
2282,7,3349170,6
2935,44,2246905,6
3971,8,4769612,6
3719,47,1645494,6
930,35,752266,6
2485,14,1440264,6
1569,17,1567837,6
3191,36,983660,6
2315,40,1544568,6
3653,4,3595595,6
3233,2,7532890,6
2015,6,5744009,6
1755,42,1106325,6
3124,4,9070757,6
1984,29,1570921,6
1259,18,1843086,6
821,26,725672,6
3100,44,688888,6
1547,34,1006604,6
3704,10,3294708,6
1274,36,1101456,6
1882,14,3218219,6
3358,31,3373561,6
2847,48,737274,6
3547,15,4900535,6
1775,8,4580486,6
2606,14,2987127,6
989,23,540653,6
3805,40,2394106,6
3534,21,4253340,6
3805,16,4236721,6
1362,45,934332,6
2699,18,2477296,6
2067,47,710757,6
3679,24,5204702,6
2328,26,2366800,6
1446,25,1026660,6
2868,45,1924167,6
3688,41,3499984,6
3974,39,1768024,7
1660,18,1815328,7
2094,4,7305068,7
1930,25,586720,7
1895,14,3891066,7
3892,9,10057747,7
2438,26,2416328,7
2969,2,5856352,7
1266,20,908144,7
2038,28,1623427,7
1130,47,732517,7
2282,7,3349170,7
2935,44,2246905,7
3971,8,4769612,7
3719,47,1645494,7
930,35,752266,7
2485,14,1440264,7
1569,17,1567837,7
3191,36,983660,7
2315,40,1544568,7
3653,4,3595595,7
3233,2,7532890,7
2015,6,5744009,7
1755,42,1106325,7
3124,4,9070757,7
1984,29,1570921,7
1259,18,1843086,7
821,26,725672,7
3100,44,688888,7
1547,34,1006604,7
3704,10,3294708,7
1274,36,1101456,7
1882,14,3218219,7
3358,31,3373561,7
2847,48,737274,7
3547,15,4900535,7
1775,8,4580486,7
2606,14,2987127,7
989,23,540653,7
3805,40,2394106,7
3534,21,4253340,7
3805,16,4236721,7
1362,45,934332,7
2699,18,2477296,7
2067,47,710757,7
3679,24,5204702,7
2328,26,2366800,7
1446,25,1026660,7
2868,45,1924167,7
3688,41,3499984,7
3974,39,1768024,8
1660,18,1815328,8
2094,4,7305068,8
1930,25,586720,8
1895,14,3891066,8
3892,9,10057747,8
2438,26,2416328,8
2969,2,5856352,8
1266,20,908144,8
2038,28,1623427,8
1130,47,732517,8
2282,7,3349170,8
2935,44,2246905,8
3971,8,4769612,8
3719,47,1645494,8
930,35,752266,8
2485,14,1440264,8
1569,17,1567837,8
3191,36,983660,8
2315,40,1544568,8
3653,4,3595595,8
3233,2,7532890,8
2015,6,5744009,8
1755,42,1106325,8
3124,4,9070757,8
1984,29,1570921,8
1259,18,1843086,8
821,26,725672,8
3100,44,688888,8
1547,34,1006604,8
3704,10,3294708,8
1274,36,1101456,8
1882,14,3218219,8
3358,31,3373561,8
2847,48,737274,8
3547,15,4900535,8
1775,8,4580486,8
2606,14,2987127,8
989,23,540653,8
3805,40,2394106,8
3534,21,4253340,8
3805,16,4236721,8
1362,45,934332,8
2699,18,2477296,8
2067,47,710757,8
3679,24,5204702,8
2328,26,2366800,8
1446,25,1026660,8
2868,45,1924167,8
3688,41,3499984,8
3974,39,1768024,9
1660,18,1815328,9
2094,4,7305068,9
1930,25,586720,9
1895,14,3891066,9
3892,9,10057747,9
2438,26,2416328,9
2969,2,5856352,9
1266,20,908144,9
2038,28,1623427,9
1130,47,732517,9
2282,7,3349170,9
2935,44,2246905,9
3971,8,4769612,9
3719,47,1645494,9
930,35,752266,9
2485,14,1440264,9
1569,17,1567837,9
3191,36,983660,9
2315,40,1544568,9
3653,4,3595595,9
3233,2,7532890,9
2015,6,5744009,9
1755,42,1106325,9
3124,4,9070757,9
1984,29,1570921,9
1259,18,1843086,9
821,26,725672,9
3100,44,688888,9
1547,34,1006604,9
3704,10,3294708,9
1274,36,1101456,9
1882,14,3218219,9
3358,31,3373561,9
2847,48,737274,9
3547,15,4900535,9
1775,8,4580486,9
2606,14,2987127,9
989,23,540653,9
3805,40,2394106,9
3534,21,4253340,9
3805,16,4236721,9
1362,45,934332,9
2699,18,2477296,9
2067,47,710757,9
3679,24,5204702,9
2328,26,2366800,9
1446,25,1026660,9
2868,45,1924167,9
3688,41,3499984,9
3974,39,1768024,10
1660,18,1815328,10
2094,4,7305068,10
1930,25,586720,10
1895,14,3891066,10
3892,9,10057747,10
2438,26,2416328,10
2969,2,5856352,10
1266,20,908144,10
2038,28,1623427,10
1130,47,732517,10
2282,7,3349170,10
2935,44,2246905,10
3971,8,4769612,10
3719,47,1645494,10
930,35,752266,10
2485,14,1440264,10
1569,17,1567837,10
3191,36,983660,10
2315,40,1544568,10
3653,4,3595595,10
3233,2,7532890,10
2015,6,5744009,10
1755,42,1106325,10
3124,4,9070757,10
1984,29,1570921,10
1259,18,1843086,10
821,26,725672,10
3100,44,688888,10
1547,34,1006604,10
3704,10,3294708,10
1274,36,1101456,10
1882,14,3218219,10
3358,31,3373561,10
2847,48,737274,10
3547,15,4900535,10
1775,8,4580486,10
2606,14,2987127,10
989,23,540653,10
3805,40,2394106,10
3534,21,4253340,10
3805,16,4236721,10
1362,45,934332,10
2699,18,2477296,10
2067,47,710757,10
3679,24,5204702,10
2328,26,2366800,10
1446,25,1026660,10
2868,45,1924167,10
3688,41,3499984,10
3974,39,1768024,11
1660,18,1815328,11
2094,4,7305068,11
1930,25,586720,11
1895,14,3891066,11
3892,9,10057747,11
2438,26,2416328,11
2969,2,5856352,11
1266,20,908144,11
2038,28,1623427,11
1130,47,732517,11
2282,7,3349170,11
2935,44,2246905,11
3971,8,4769612,11
3719,47,1645494,11
930,35,752266,11
2485,14,1440264,11
1569,17,1567837,11
3191,36,983660,11
2315,40,1544568,11
3653,4,3595595,11
3233,2,7532890,11
2015,6,5744009,11
1755,42,1106325,11
3124,4,9070757,11
1984,29,1570921,11
1259,18,1843086,11
821,26,725672,11
3100,44,688888,11
1547,34,1006604,11
3704,10,3294708,11
1274,36,1101456,11
1882,14,3218219,11
3358,31,3373561,11
2847,48,737274,11
3547,15,4900535,11
1775,8,4580486,11
2606,14,2987127,11
989,23,540653,11
3805,40,2394106,11
3534,21,4253340,11
3805,16,4236721,11
1362,45,934332,11
2699,18,2477296,11
2067,47,710757,11
3679,24,5204702,11
2328,26,2366800,11
1446,25,1026660,11
2868,45,1924167,11
3688,41,3499984,11
3974,39,1768024,12
1660,18,1815328,12
2094,4,7305068,12
1930,25,586720,12
1895,14,3891066,12
3892,9,10057747,12
2438,26,2416328,12
2969,2,5856352,12
1266,20,908144,12
2038,28,1623427,12
1130,47,732517,12
2282,7,3349170,12
2935,44,2246905,12
3971,8,4769612,12
3719,47,1645494,12
930,35,752266,12
2485,14,1440264,12
1569,17,1567837,12
3191,36,983660,12
2315,40,1544568,12
3653,4,3595595,12
3233,2,7532890,12
2015,6,5744009,12
1755,42,1106325,12
3124,4,9070757,12
1984,29,1570921,12
1259,18,1843086,12
821,26,725672,12
3100,44,688888,12
1547,34,1006604,12
3704,10,3294708,12
1274,36,1101456,12
1882,14,3218219,12
3358,31,3373561,12
2847,48,737274,12
3547,15,4900535,12
1775,8,4580486,12
2606,14,2987127,12
989,23,540653,12
3805,40,2394106,12
3534,21,4253340,12
3805,16,4236721,12
1362,45,934332,12
2699,18,2477296,12
2067,47,710757,12
3679,24,5204702,12
2328,26,2366800,12
1446,25,1026660,12
2868,45,1924167,12
3688,41,3499984,12
3974,39,1768024,13
1660,18,1815328,13
2094,4,7305068,13
1930,25,586720,13
1895,14,3891066,13
3892,9,10057747,13
2438,26,2416328,13
2969,2,5856352,13
1266,20,908144,13
2038,28,1623427,13
1130,47,732517,13
2282,7,3349170,13
2935,44,2246905,13
3971,8,4769612,13
3719,47,1645494,13
930,35,752266,13
2485,14,1440264,13
1569,17,1567837,13
3191,36,983660,13
2315,40,1544568,13
3653,4,3595595,13
3233,2,7532890,13
2015,6,5744009,13
1755,42,1106325,13
3124,4,9070757,13
1984,29,1570921,13
1259,18,1843086,13
821,26,725672,13
3100,44,688888,13
1547,34,1006604,13
3704,10,3294708,13
1274,36,1101456,13
1882,14,3218219,13
3358,31,3373561,13
2847,48,737274,13
3547,15,4900535,13
1775,8,4580486,13
2606,14,2987127,13
989,23,540653,13
3805,40,2394106,13
3534,21,4253340,13
3805,16,4236721,13
1362,45,934332,13
2699,18,2477296,13
2067,47,710757,13
3679,24,5204702,13
2328,26,2366800,13
1446,25,1026660,13
2868,45,1924167,13
3688,41,3499984,13
3974,39,1768024,14
1660,18,1815328,14
2094,4,7305068,14
1930,25,586720,14
1895,14,3891066,14
3892,9,10057747,14
2438,26,2416328,14
2969,2,5856352,14
1266,20,908144,14
2038,28,1623427,14
1130,47,732517,14
2282,7,3349170,14
2935,44,2246905,14
3971,8,4769612,14
3719,47,1645494,14
930,35,752266,14
2485,14,1440264,14
1569,17,1567837,14
3191,36,983660,14
2315,40,1544568,14
3653,4,3595595,14
3233,2,7532890,14
2015,6,5744009,14
1755,42,1106325,14
3124,4,9070757,14
1984,29,1570921,14
1259,18,1843086,14
821,26,725672,14
3100,44,688888,14
1547,34,1006604,14
3704,10,3294708,14
1274,36,1101456,14
1882,14,3218219,14
3358,31,3373561,14
2847,48,737274,14
3547,15,4900535,14
1775,8,4580486,14
2606,14,2987127,14
989,23,540653,14
3805,40,2394106,14
3534,21,4253340,14
3805,16,4236721,14
1362,45,934332,14
2699,18,2477296,14
2067,47,710757,14
3679,24,5204702,14
2328,26,2366800,14
1446,25,1026660,14
2868,45,1924167,14
3688,41,3499984,14
3974,39,1768024,15
1660,18,1815328,15
2094,4,7305068,15
1930,25,586720,15
1895,14,3891066,15
3892,9,10057747,15
2438,26,2416328,15
2969,2,5856352,15
1266,20,908144,15
2038,28,1623427,15
1130,47,732517,15
2282,7,3349170,15
2935,44,2246905,15
3971,8,4769612,15
3719,47,1645494,15
930,35,752266,15
2485,14,1440264,15
1569,17,1567837,15
3191,36,983660,15
2315,40,1544568,15
3653,4,3595595,15
3233,2,7532890,15
2015,6,5744009,15
1755,42,1106325,15
3124,4,9070757,15
1984,29,1570921,15
1259,18,1843086,15
821,26,725672,15
3100,44,688888,15
1547,34,1006604,15
3704,10,3294708,15
1274,36,1101456,15
1882,14,3218219,15
3358,31,3373561,15
2847,48,737274,15
3547,15,4900535,15
1775,8,4580486,15
2606,14,2987127,15
989,23,540653,15
3805,40,2394106,15
3534,21,4253340,15
3805,16,4236721,15
1362,45,934332,15
2699,18,2477296,15
2067,47,710757,15
3679,24,5204702,15
2328,26,2366800,15
1446,25,1026660,15
2868,45,1924167,15
3688,41,3499984,15
3974,39,1768024,16
1660,18,1815328,16
2094,4,7305068,16
1930,25,586720,16
1895,14,3891066,16
3892,9,10057747,16
2438,26,2416328,16
2969,2,5856352,16
1266,20,908144,16
2038,28,1623427,16
1130,47,732517,16
2282,7,3349170,16
2935,44,2246905,16
3971,8,4769612,16
3719,47,1645494,16
930,35,752266,16
2485,14,1440264,16
1569,17,1567837,16
3191,36,983660,16
2315,40,1544568,16
3653,4,3595595,16
3233,2,7532890,16
2015,6,5744009,16
1755,42,1106325,16
3124,4,9070757,16
1984,29,1570921,16
1259,18,1843086,16
821,26,725672,16
3100,44,688888,16
1547,34,1006604,16
3704,10,3294708,16
1274,36,1101456,16
1882,14,3218219,16
3358,31,3373561,16
2847,48,737274,16
3547,15,4900535,16
1775,8,4580486,16
2606,14,2987127,16
989,23,540653,16
3805,40,2394106,16
3534,21,4253340,16
3805,16,4236721,16
1362,45,934332,16
2699,18,2477296,16
2067,47,710757,16
3679,24,5204702,16
2328,26,2366800,16
1446,25,1026660,16
2868,45,1924167,16
3688,41,3499984,16
3974,39,1768024,17
1660,18,1815328,17
2094,4,7305068,17
1930,25,586720,17
1895,14,3891066,17
3892,9,10057747,17
2438,26,2416328,17
2969,2,5856352,17
1266,20,908144,17
2038,28,1623427,17
1130,47,732517,17
2282,7,3349170,17
2935,44,2246905,17
3971,8,4769612,17
3719,47,1645494,17
930,35,752266,17
2485,14,1440264,17
1569,17,1567837,17
3191,36,983660,17
2315,40,1544568,17
3653,4,3595595,17
3233,2,7532890,17
2015,6,5744009,17
1755,42,1106325,17
3124,4,9070757,17
1984,29,1570921,17
1259,18,1843086,17
821,26,725672,17
3100,44,688888,17
1547,34,1006604,17
3704,10,3294708,17
1274,36,1101456,17
1882,14,3218219,17
3358,31,3373561,17
2847,48,737274,17
3547,15,4900535,17
1775,8,4580486,17
2606,14,2987127,17
989,23,540653,17
3805,40,2394106,17
3534,21,4253340,17
3805,16,4236721,17
1362,45,934332,17
2699,18,2477296,17
2067,47,710757,17
3679,24,5204702,17
2328,26,2366800,17
1446,25,1026660,17
2868,45,1924167,17
3688,41,3499984,17
3974,39,1768024,18
1660,18,1815328,18
2094,4,7305068,18
1930,25,586720,18
1895,14,3891066,18
3892,9,10057747,18
2438,26,2416328,18
2969,2,5856352,18
1266,20,908144,18
2038,28,1623427,18
1130,47,732517,18
2282,7,3349170,18
2935,44,2246905,18
3971,8,4769612,18
3719,47,1645494,18
930,35,752266,18
2485,14,1440264,18
1569,17,1567837,18
3191,36,983660,18
2315,40,1544568,18
3653,4,3595595,18
3233,2,7532890,18
2015,6,5744009,18
1755,42,1106325,18
3124,4,9070757,18
1984,29,1570921,18
1259,18,1843086,18
821,26,725672,18
3100,44,688888,18
1547,34,1006604,18
3704,10,3294708,18
1274,36,1101456,18
1882,14,3218219,18
3358,31,3373561,18
2847,48,737274,18
3547,15,4900535,18
1775,8,4580486,18
2606,14,2987127,18
989,23,540653,18
3805,40,2394106,18
3534,21,4253340,18
3805,16,4236721,18
1362,45,934332,18
2699,18,2477296,18
2067,47,710757,18
3679,24,5204702,18
2328,26,2366800,18
1446,25,1026660,18
2868,45,1924167,18
3688,41,3499984,18
3974,39,1768024,19
1660,18,1815328,19
2094,4,7305068,19
1930,25,586720,19
1895,14,3891066,19
3892,9,10057747,19
2438,26,2416328,19
2969,2,5856352,19
1266,20,908144,19
2038,28,1623427,19
1130,47,732517,19
2282,7,3349170,19
2935,44,2246905,19
3971,8,4769612,19
3719,47,1645494,19
930,35,752266,19
2485,14,1440264,19
1569,17,1567837,19
3191,36,983660,19
2315,40,1544568,19
3653,4,3595595,19
3233,2,7532890,19
2015,6,5744009,19
1755,42,1106325,19
3124,4,9070757,19
1984,29,1570921,19
1259,18,1843086,19
821,26,725672,19
3100,44,688888,19
1547,34,1006604,19
3704,10,3294708,19
1274,36,1101456,19
1882,14,3218219,19
3358,31,3373561,19
2847,48,737274,19
3547,15,4900535,19
1775,8,4580486,19
2606,14,2987127,19
989,23,540653,19
3805,40,2394106,19
3534,21,4253340,19
3805,16,4236721,19
1362,45,934332,19
2699,18,2477296,19
2067,47,710757,19
3679,24,5204702,19
2328,26,2366800,19
1446,25,1026660,19
2868,45,1924167,19
3688,41,3499984,19
3974,39,1768024,20
1660,18,1815328,20
2094,4,7305068,20
1930,25,586720,20
1895,14,3891066,20
3892,9,10057747,20
2438,26,2416328,20
2969,2,5856352,20
1266,20,908144,20
2038,28,1623427,20
1130,47,732517,20
2282,7,3349170,20
2935,44,2246905,20
3971,8,4769612,20
3719,47,1645494,20
930,35,752266,20
2485,14,1440264,20
1569,17,1567837,20
3191,36,983660,20
2315,40,1544568,20
3653,4,3595595,20
3233,2,7532890,20
2015,6,5744009,20
1755,42,1106325,20
3124,4,9070757,20
1984,29,1570921,20
1259,18,1843086,20
821,26,725672,20
3100,44,688888,20
1547,34,1006604,20
3704,10,3294708,20
1274,36,1101456,20
1882,14,3218219,20
3358,31,3373561,20
2847,48,737274,20
3547,15,4900535,20
1775,8,4580486,20
2606,14,2987127,20
989,23,540653,20
3805,40,2394106,20
3534,21,4253340,20
3805,16,4236721,20
1362,45,934332,20
2699,18,2477296,20
2067,47,710757,20
3679,24,5204702,20
2328,26,2366800,20
1446,25,1026660,20
2868,45,1924167,20
3688,41,3499984,20
3974,39,1768024,21
1660,18,1815328,21
2094,4,7305068,21
1930,25,586720,21
1895,14,3891066,21
3892,9,10057747,21
2438,26,2416328,21
2969,2,5856352,21
1266,20,908144,21
2038,28,1623427,21
1130,47,732517,21
2282,7,3349170,21
2935,44,2246905,21
3971,8,4769612,21
3719,47,1645494,21
930,35,752266,21
2485,14,1440264,21
1569,17,1567837,21
3191,36,983660,21
2315,40,1544568,21
3653,4,3595595,21
3233,2,7532890,21
2015,6,5744009,21
1755,42,1106325,21
3124,4,9070757,21
1984,29,1570921,21
1259,18,1843086,21
821,26,725672,21
3100,44,688888,21
1547,34,1006604,21
3704,10,3294708,21
1274,36,1101456,21
1882,14,3218219,21
3358,31,3373561,21
2847,48,737274,21
3547,15,4900535,21
1775,8,4580486,21
2606,14,2987127,21
989,23,540653,21
3805,40,2394106,21
3534,21,4253340,21
3805,16,4236721,21
1362,45,934332,21
2699,18,2477296,21
2067,47,710757,21
3679,24,5204702,21
2328,26,2366800,21
1446,25,1026660,21
2868,45,1924167,21
3688,41,3499984,21
3974,39,1768024,22
1660,18,1815328,22
2094,4,7305068,22
1930,25,586720,22
1895,14,3891066,22
3892,9,10057747,22
2438,26,2416328,22
2969,2,5856352,22
1266,20,908144,22
2038,28,1623427,22
1130,47,732517,22
2282,7,3349170,22
2935,44,2246905,22
3971,8,4769612,22
3719,47,1645494,22
930,35,752266,22
2485,14,1440264,22
1569,17,1567837,22
3191,36,983660,22
2315,40,1544568,22
3653,4,3595595,22
3233,2,7532890,22
2015,6,5744009,22
1755,42,1106325,22
3124,4,9070757,22
1984,29,1570921,22
1259,18,1843086,22
821,26,725672,22
3100,44,688888,22
1547,34,1006604,22
3704,10,3294708,22
1274,36,1101456,22
1882,14,3218219,22
3358,31,3373561,22
2847,48,737274,22
3547,15,4900535,22
1775,8,4580486,22
2606,14,2987127,22
989,23,540653,22
3805,40,2394106,22
3534,21,4253340,22
3805,16,4236721,22
1362,45,934332,22
2699,18,2477296,22
2067,47,710757,22
3679,24,5204702,22
2328,26,2366800,22
1446,25,1026660,22
2868,45,1924167,22
3688,41,3499984,22
3974,39,1768024,23
1660,18,1815328,23
2094,4,7305068,23
1930,25,586720,23
1895,14,3891066,23
3892,9,10057747,23
2438,26,2416328,23
2969,2,5856352,23
1266,20,908144,23
2038,28,1623427,23
1130,47,732517,23
2282,7,3349170,23
2935,44,2246905,23
3971,8,4769612,23
3719,47,1645494,23
930,35,752266,23
2485,14,1440264,23
1569,17,1567837,23
3191,36,983660,23
2315,40,1544568,23
3653,4,3595595,23
3233,2,7532890,23
2015,6,5744009,23
1755,42,1106325,23
3124,4,9070757,23
1984,29,1570921,23
1259,18,1843086,23
821,26,725672,23
3100,44,688888,23
1547,34,1006604,23
3704,10,3294708,23
1274,36,1101456,23
1882,14,3218219,23
3358,31,3373561,23
2847,48,737274,23
3547,15,4900535,23
1775,8,4580486,23
2606,14,2987127,23
989,23,540653,23
3805,40,2394106,23
3534,21,4253340,23
3805,16,4236721,23
1362,45,934332,23
2699,18,2477296,23
2067,47,710757,23
3679,24,5204702,23
2328,26,2366800,23
1446,25,1026660,23
2868,45,1924167,23
3688,41,3499984,23
3974,39,1768024,24
1660,18,1815328,24
2094,4,7305068,24
1930,25,586720,24
1895,14,3891066,24
3892,9,10057747,24
2438,26,2416328,24
2969,2,5856352,24
1266,20,908144,24
2038,28,1623427,24
1130,47,732517,24
2282,7,3349170,24
2935,44,2246905,24
3971,8,4769612,24
3719,47,1645494,24
930,35,752266,24
2485,14,1440264,24
1569,17,1567837,24
3191,36,983660,24
2315,40,1544568,24
3653,4,3595595,24
3233,2,7532890,24
2015,6,5744009,24
1755,42,1106325,24
3124,4,9070757,24
1984,29,1570921,24
1259,18,1843086,24
821,26,725672,24
3100,44,688888,24
1547,34,1006604,24
3704,10,3294708,24
1274,36,1101456,24
1882,14,3218219,24
3358,31,3373561,24
2847,48,737274,24
3547,15,4900535,24
1775,8,4580486,24
2606,14,2987127,24
989,23,540653,24
3805,40,2394106,24
3534,21,4253340,24
3805,16,4236721,24
1362,45,934332,24
2699,18,2477296,24
2067,47,710757,24
3679,24,5204702,24
2328,26,2366800,24
1446,25,1026660,24
2868,45,1924167,24
3688,41,3499984,24
3974,39,1768024,25
1660,18,1815328,25
2094,4,7305068,25
1930,25,586720,25
1895,14,3891066,25
3892,9,10057747,25
2438,26,2416328,25
2969,2,5856352,25
1266,20,908144,25
2038,28,1623427,25
1130,47,732517,25
2282,7,3349170,25
2935,44,2246905,25
3971,8,4769612,25
3719,47,1645494,25
930,35,752266,25
2485,14,1440264,25
1569,17,1567837,25
3191,36,983660,25
2315,40,1544568,25
3653,4,3595595,25
3233,2,7532890,25
2015,6,5744009,25
1755,42,1106325,25
3124,4,9070757,25
1984,29,1570921,25
1259,18,1843086,25
821,26,725672,25
3100,44,688888,25
1547,34,1006604,25
3704,10,3294708,25
1274,36,1101456,25
1882,14,3218219,25
3358,31,3373561,25
2847,48,737274,25
3547,15,4900535,25
1775,8,4580486,25
2606,14,2987127,25
989,23,540653,25
3805,40,2394106,25
3534,21,4253340,25
3805,16,4236721,25
1362,45,934332,25
2699,18,2477296,25
2067,47,710757,25
3679,24,5204702,25
2328,26,2366800,25
1446,25,1026660,25
2868,45,1924167,25
3688,41,3499984,25
3974,39,1768024,26
1660,18,1815328,26
2094,4,7305068,26
1930,25,586720,26
1895,14,3891066,26
3892,9,10057747,26
2438,26,2416328,26
2969,2,5856352,26
1266,20,908144,26
2038,28,1623427,26
1130,47,732517,26
2282,7,3349170,26
2935,44,2246905,26
3971,8,4769612,26
3719,47,1645494,26
930,35,752266,26
2485,14,1440264,26
1569,17,1567837,26
3191,36,983660,26
2315,40,1544568,26
3653,4,3595595,26
3233,2,7532890,26
2015,6,5744009,26
1755,42,1106325,26
3124,4,9070757,26
1984,29,1570921,26
1259,18,1843086,26
821,26,725672,26
3100,44,688888,26
1547,34,1006604,26
3704,10,3294708,26
1274,36,1101456,26
1882,14,3218219,26
3358,31,3373561,26
2847,48,737274,26
3547,15,4900535,26
1775,8,4580486,26
2606,14,2987127,26
989,23,540653,26
3805,40,2394106,26
3534,21,4253340,26
3805,16,4236721,26
1362,45,934332,26
2699,18,2477296,26
2067,47,710757,26
3679,24,5204702,26
2328,26,2366800,26
1446,25,1026660,26
2868,45,1924167,26
3688,41,3499984,26
3974,39,1768024,27
1660,18,1815328,27
2094,4,7305068,27
1930,25,586720,27
1895,14,3891066,27
3892,9,10057747,27
2438,26,2416328,27
2969,2,5856352,27
1266,20,908144,27
2038,28,1623427,27
1130,47,732517,27
2282,7,3349170,27
2935,44,2246905,27
3971,8,4769612,27
3719,47,1645494,27
930,35,752266,27
2485,14,1440264,27
1569,17,1567837,27
3191,36,983660,27
2315,40,1544568,27
3653,4,3595595,27
3233,2,7532890,27
2015,6,5744009,27
1755,42,1106325,27
3124,4,9070757,27
1984,29,1570921,27
1259,18,1843086,27
821,26,725672,27
3100,44,688888,27
1547,34,1006604,27
3704,10,3294708,27
1274,36,1101456,27
1882,14,3218219,27
3358,31,3373561,27
2847,48,737274,27
3547,15,4900535,27
1775,8,4580486,27
2606,14,2987127,27
989,23,540653,27
3805,40,2394106,27
3534,21,4253340,27
3805,16,4236721,27
1362,45,934332,27
2699,18,2477296,27
2067,47,710757,27
3679,24,5204702,27
2328,26,2366800,27
1446,25,1026660,27
2868,45,1924167,27
3688,41,3499984,27
3974,39,1768024,28
1660,18,1815328,28
2094,4,7305068,28
1930,25,586720,28
1895,14,3891066,28
3892,9,10057747,28
2438,26,2416328,28
2969,2,5856352,28
1266,20,908144,28
2038,28,1623427,28
1130,47,732517,28
2282,7,3349170,28
2935,44,2246905,28
3971,8,4769612,28
3719,47,1645494,28
930,35,752266,28
2485,14,1440264,28
1569,17,1567837,28
3191,36,983660,28
2315,40,1544568,28
3653,4,3595595,28
3233,2,7532890,28
2015,6,5744009,28
1755,42,1106325,28
3124,4,9070757,28
1984,29,1570921,28
1259,18,1843086,28
821,26,725672,28
3100,44,688888,28
1547,34,1006604,28
3704,10,3294708,28
1274,36,1101456,28
1882,14,3218219,28
3358,31,3373561,28
2847,48,737274,28
3547,15,4900535,28
1775,8,4580486,28
2606,14,2987127,28
989,23,540653,28
3805,40,2394106,28
3534,21,4253340,28
3805,16,4236721,28
1362,45,934332,28
2699,18,2477296,28
2067,47,710757,28
3679,24,5204702,28
2328,26,2366800,28
1446,25,1026660,28
2868,45,1924167,28
3688,41,3499984,28
3974,39,1768024,29
1660,18,1815328,29
2094,4,7305068,29
1930,25,586720,29
1895,14,3891066,29
3892,9,10057747,29
2438,26,2416328,29
2969,2,5856352,29
1266,20,908144,29
2038,28,1623427,29
1130,47,732517,29
2282,7,3349170,29
2935,44,2246905,29
3971,8,4769612,29
3719,47,1645494,29
930,35,752266,29
2485,14,1440264,29
1569,17,1567837,29
3191,36,983660,29
2315,40,1544568,29
3653,4,3595595,29
3233,2,7532890,29
2015,6,5744009,29
1755,42,1106325,29
3124,4,9070757,29
1984,29,1570921,29
1259,18,1843086,29
821,26,725672,29
3100,44,688888,29
1547,34,1006604,29
3704,10,3294708,29
1274,36,1101456,29
1882,14,3218219,29
3358,31,3373561,29
2847,48,737274,29
3547,15,4900535,29
1775,8,4580486,29
2606,14,2987127,29
989,23,540653,29
3805,40,2394106,29
3534,21,4253340,29
3805,16,4236721,29
1362,45,934332,29
2699,18,2477296,29
2067,47,710757,29
3679,24,5204702,29
2328,26,2366800,29
1446,25,1026660,29
2868,45,1924167,29
3688,41,3499984,29
3974,39,1768024,30
1660,18,1815328,30
2094,4,7305068,30
1930,25,586720,30
1895,14,3891066,30
3892,9,10057747,30
2438,26,2416328,30
2969,2,5856352,30
1266,20,908144,30
2038,28,1623427,30
1130,47,732517,30
2282,7,3349170,30
2935,44,2246905,30
3971,8,4769612,30
3719,47,1645494,30
930,35,752266,30
2485,14,1440264,30
1569,17,1567837,30
3191,36,983660,30
2315,40,1544568,30
3653,4,3595595,30
3233,2,7532890,30
2015,6,5744009,30
1755,42,1106325,30
3124,4,9070757,30
1984,29,1570921,30
1259,18,1843086,30
821,26,725672,30
3100,44,688888,30
1547,34,1006604,30
3704,10,3294708,30
1274,36,1101456,30
1882,14,3218219,30
3358,31,3373561,30
2847,48,737274,30
3547,15,4900535,30
1775,8,4580486,30
2606,14,2987127,30
989,23,540653,30
3805,40,2394106,30
3534,21,4253340,30
3805,16,4236721,30
1362,45,934332,30
2699,18,2477296,30
2067,47,710757,30
3679,24,5204702,30
2328,26,2366800,30
1446,25,1026660,30
2868,45,1924167,30
3688,41,3499984,30
3974,39,1768024,31
1660,18,1815328,31
2094,4,7305068,31
1930,25,586720,31
1895,14,3891066,31
3892,9,10057747,31
2438,26,2416328,31
2969,2,5856352,31
1266,20,908144,31
2038,28,1623427,31
1130,47,732517,31
2282,7,3349170,31
2935,44,2246905,31
3971,8,4769612,31
3719,47,1645494,31
930,35,752266,31
2485,14,1440264,31
1569,17,1567837,31
3191,36,983660,31
2315,40,1544568,31
3653,4,3595595,31
3233,2,7532890,31
2015,6,5744009,31
1755,42,1106325,31
3124,4,9070757,31
1984,29,1570921,31
1259,18,1843086,31
821,26,725672,31
3100,44,688888,31
1547,34,1006604,31
3704,10,3294708,31
1274,36,1101456,31
1882,14,3218219,31
3358,31,3373561,31
2847,48,737274,31
3547,15,4900535,31
1775,8,4580486,31
2606,14,2987127,31
989,23,540653,31
3805,40,2394106,31
3534,21,4253340,31
3805,16,4236721,31
1362,45,934332,31
2699,18,2477296,31
2067,47,710757,31
3679,24,5204702,31
2328,26,2366800,31
1446,25,1026660,31
2868,45,1924167,31
3688,41,3499984,31
3974,39,1768024,32
1660,18,1815328,32
2094,4,7305068,32
1930,25,586720,32
1895,14,3891066,32
3892,9,10057747,32
2438,26,2416328,32
2969,2,5856352,32
1266,20,908144,32
2038,28,1623427,32
1130,47,732517,32
2282,7,3349170,32
2935,44,2246905,32
3971,8,4769612,32
3719,47,1645494,32
930,35,752266,32
2485,14,1440264,32
1569,17,1567837,32
3191,36,983660,32
2315,40,1544568,32
3653,4,3595595,32
3233,2,7532890,32
2015,6,5744009,32
1755,42,1106325,32
3124,4,9070757,32
1984,29,1570921,32
1259,18,1843086,32
821,26,725672,32
3100,44,688888,32
1547,34,1006604,32
3704,10,3294708,32
1274,36,1101456,32
1882,14,3218219,32
3358,31,3373561,32
2847,48,737274,32
3547,15,4900535,32
1775,8,4580486,32
2606,14,2987127,32
989,23,540653,32
3805,40,2394106,32
3534,21,4253340,32
3805,16,4236721,32
1362,45,934332,32
2699,18,2477296,32
2067,47,710757,32
3679,24,5204702,32
2328,26,2366800,32
1446,25,1026660,32
2868,45,1924167,32
3688,41,3499984,32
3974,39,1768024,33
1660,18,1815328,33
2094,4,7305068,33
1930,25,586720,33
1895,14,3891066,33
3892,9,10057747,33
2438,26,2416328,33
2969,2,5856352,33
1266,20,908144,33
2038,28,1623427,33
1130,47,732517,33
2282,7,3349170,33
2935,44,2246905,33
3971,8,4769612,33
3719,47,1645494,33
930,35,752266,33
2485,14,1440264,33
1569,17,1567837,33
3191,36,983660,33
2315,40,1544568,33
3653,4,3595595,33
3233,2,7532890,33
2015,6,5744009,33
1755,42,1106325,33
3124,4,9070757,33
1984,29,1570921,33
1259,18,1843086,33
821,26,725672,33
3100,44,688888,33
1547,34,1006604,33
3704,10,3294708,33
1274,36,1101456,33
1882,14,3218219,33
3358,31,3373561,33
2847,48,737274,33
3547,15,4900535,33
1775,8,4580486,33
2606,14,2987127,33
989,23,540653,33
3805,40,2394106,33
3534,21,4253340,33
3805,16,4236721,33
1362,45,934332,33
2699,18,2477296,33
2067,47,710757,33
3679,24,5204702,33
2328,26,2366800,33
1446,25,1026660,33
2868,45,1924167,33
3688,41,3499984,33
3974,39,1768024,34
1660,18,1815328,34
2094,4,7305068,34
1930,25,586720,34
1895,14,3891066,34
3892,9,10057747,34
2438,26,2416328,34
2969,2,5856352,34
1266,20,908144,34
2038,28,1623427,34
1130,47,732517,34
2282,7,3349170,34
2935,44,2246905,34
3971,8,4769612,34
3719,47,1645494,34
930,35,752266,34
2485,14,1440264,34
1569,17,1567837,34
3191,36,983660,34
2315,40,1544568,34
3653,4,3595595,34
3233,2,7532890,34
2015,6,5744009,34
1755,42,1106325,34
3124,4,9070757,34
1984,29,1570921,34
1259,18,1843086,34
821,26,725672,34
3100,44,688888,34
1547,34,1006604,34
3704,10,3294708,34
1274,36,1101456,34
1882,14,3218219,34
3358,31,3373561,34
2847,48,737274,34
3547,15,4900535,34
1775,8,4580486,34
2606,14,2987127,34
989,23,540653,34
3805,40,2394106,34
3534,21,4253340,34
3805,16,4236721,34
1362,45,934332,34
2699,18,2477296,34
2067,47,710757,34
3679,24,5204702,34
2328,26,2366800,34
1446,25,1026660,34
2868,45,1924167,34
3688,41,3499984,34
3974,39,1768024,35
1660,18,1815328,35
2094,4,7305068,35
1930,25,586720,35
1895,14,3891066,35
3892,9,10057747,35
2438,26,2416328,35
2969,2,5856352,35
1266,20,908144,35
2038,28,1623427,35
1130,47,732517,35
2282,7,3349170,35
2935,44,2246905,35
3971,8,4769612,35
3719,47,1645494,35
930,35,752266,35
2485,14,1440264,35
1569,17,1567837,35
3191,36,983660,35
2315,40,1544568,35
3653,4,3595595,35
3233,2,7532890,35
2015,6,5744009,35
1755,42,1106325,35
3124,4,9070757,35
1984,29,1570921,35
1259,18,1843086,35
821,26,725672,35
3100,44,688888,35
1547,34,1006604,35
3704,10,3294708,35
1274,36,1101456,35
1882,14,3218219,35
3358,31,3373561,35
2847,48,737274,35
3547,15,4900535,35
1775,8,4580486,35
2606,14,2987127,35
989,23,540653,35
3805,40,2394106,35
3534,21,4253340,35
3805,16,4236721,35
1362,45,934332,35
2699,18,2477296,35
2067,47,710757,35
3679,24,5204702,35
2328,26,2366800,35
1446,25,1026660,35
2868,45,1924167,35
3688,41,3499984,35
3974,39,1768024,36
1660,18,1815328,36
2094,4,7305068,36
1930,25,586720,36
1895,14,3891066,36
3892,9,10057747,36
2438,26,2416328,36
2969,2,5856352,36
1266,20,908144,36
2038,28,1623427,36
1130,47,732517,36
2282,7,3349170,36
2935,44,2246905,36
3971,8,4769612,36
3719,47,1645494,36
930,35,752266,36
2485,14,1440264,36
1569,17,1567837,36
3191,36,983660,36
2315,40,1544568,36
3653,4,3595595,36
3233,2,7532890,36
2015,6,5744009,36
1755,42,1106325,36
3124,4,9070757,36
1984,29,1570921,36
1259,18,1843086,36
821,26,725672,36
3100,44,688888,36
1547,34,1006604,36
3704,10,3294708,36
1274,36,1101456,36
1882,14,3218219,36
3358,31,3373561,36
2847,48,737274,36
3547,15,4900535,36
1775,8,4580486,36
2606,14,2987127,36
989,23,540653,36
3805,40,2394106,36
3534,21,4253340,36
3805,16,4236721,36
1362,45,934332,36
2699,18,2477296,36
2067,47,710757,36
3679,24,5204702,36
2328,26,2366800,36
1446,25,1026660,36
2868,45,1924167,36
3688,41,3499984,36
3974,39,1768024,37
1660,18,1815328,37
2094,4,7305068,37
1930,25,586720,37
1895,14,3891066,37
3892,9,10057747,37
2438,26,2416328,37
2969,2,5856352,37
1266,20,908144,37
2038,28,1623427,37
1130,47,732517,37
2282,7,3349170,37
2935,44,2246905,37
3971,8,4769612,37
3719,47,1645494,37
930,35,752266,37
2485,14,1440264,37
1569,17,1567837,37
3191,36,983660,37
2315,40,1544568,37
3653,4,3595595,37
3233,2,7532890,37
2015,6,5744009,37
1755,42,1106325,37
3124,4,9070757,37
1984,29,1570921,37
1259,18,1843086,37
821,26,725672,37
3100,44,688888,37
1547,34,1006604,37
3704,10,3294708,37
1274,36,1101456,37
1882,14,3218219,37
3358,31,3373561,37
2847,48,737274,37
3547,15,4900535,37
1775,8,4580486,37
2606,14,2987127,37
989,23,540653,37
3805,40,2394106,37
3534,21,4253340,37
3805,16,4236721,37
1362,45,934332,37
2699,18,2477296,37
2067,47,710757,37
3679,24,5204702,37
2328,26,2366800,37
1446,25,1026660,37
2868,45,1924167,37
3688,41,3499984,37
3974,39,1768024,38
1660,18,1815328,38
2094,4,7305068,38
1930,25,586720,38
1895,14,3891066,38
3892,9,10057747,38
2438,26,2416328,38
2969,2,5856352,38
1266,20,908144,38
2038,28,1623427,38
1130,47,732517,38
2282,7,3349170,38
2935,44,2246905,38
3971,8,4769612,38
3719,47,1645494,38
930,35,752266,38
2485,14,1440264,38
1569,17,1567837,38
3191,36,983660,38
2315,40,1544568,38
3653,4,3595595,38
3233,2,7532890,38
2015,6,5744009,38
1755,42,1106325,38
3124,4,9070757,38
1984,29,1570921,38
1259,18,1843086,38
821,26,725672,38
3100,44,688888,38
1547,34,1006604,38
3704,10,3294708,38
1274,36,1101456,38
1882,14,3218219,38
3358,31,3373561,38
2847,48,737274,38
3547,15,4900535,38
1775,8,4580486,38
2606,14,2987127,38
989,23,540653,38
3805,40,2394106,38
3534,21,4253340,38
3805,16,4236721,38
1362,45,934332,38
2699,18,2477296,38
2067,47,710757,38
3679,24,5204702,38
2328,26,2366800,38
1446,25,1026660,38
2868,45,1924167,38
3688,41,3499984,38
3974,39,1768024,39
1660,18,1815328,39
2094,4,7305068,39
1930,25,586720,39
1895,14,3891066,39
3892,9,10057747,39
2438,26,2416328,39
2969,2,5856352,39
1266,20,908144,39
2038,28,1623427,39
1130,47,732517,39
2282,7,3349170,39
2935,44,2246905,39
3971,8,4769612,39
3719,47,1645494,39
930,35,752266,39
2485,14,1440264,39
1569,17,1567837,39
3191,36,983660,39
2315,40,1544568,39
3653,4,3595595,39
3233,2,7532890,39
2015,6,5744009,39
1755,42,1106325,39
3124,4,9070757,39
1984,29,1570921,39
1259,18,1843086,39
821,26,725672,39
3100,44,688888,39
1547,34,1006604,39
3704,10,3294708,39
1274,36,1101456,39
1882,14,3218219,39
3358,31,3373561,39
2847,48,737274,39
3547,15,4900535,39
1775,8,4580486,39
2606,14,2987127,39
989,23,540653,39
3805,40,2394106,39
3534,21,4253340,39
3805,16,4236721,39
1362,45,934332,39
2699,18,2477296,39
2067,47,710757,39
3679,24,5204702,39
2328,26,2366800,39
1446,25,1026660,39
2868,45,1924167,39
3688,41,3499984,39
3974,39,1768024,40
1660,18,1815328,40
2094,4,7305068,40
1930,25,586720,40
1895,14,3891066,40
3892,9,10057747,40
2438,26,2416328,40
2969,2,5856352,40
1266,20,908144,40
2038,28,1623427,40
1130,47,732517,40
2282,7,3349170,40
2935,44,2246905,40
3971,8,4769612,40
3719,47,1645494,40
930,35,752266,40
2485,14,1440264,40
1569,17,1567837,40
3191,36,983660,40
2315,40,1544568,40
3653,4,3595595,40
3233,2,7532890,40
2015,6,5744009,40
1755,42,1106325,40
3124,4,9070757,40
1984,29,1570921,40
1259,18,1843086,40
821,26,725672,40
3100,44,688888,40
1547,34,1006604,40
3704,10,3294708,40
1274,36,1101456,40
1882,14,3218219,40
3358,31,3373561,40
2847,48,737274,40
3547,15,4900535,40
1775,8,4580486,40
2606,14,2987127,40
989,23,540653,40
3805,40,2394106,40
3534,21,4253340,40
3805,16,4236721,40
1362,45,934332,40
2699,18,2477296,40
2067,47,710757,40
3679,24,5204702,40
2328,26,2366800,40
1446,25,1026660,40
2868,45,1924167,40
3688,41,3499984,40
3974,39,1768024,41
1660,18,1815328,41
2094,4,7305068,41
1930,25,586720,41
1895,14,3891066,41
3892,9,10057747,41
2438,26,2416328,41
2969,2,5856352,41
1266,20,908144,41
2038,28,1623427,41
1130,47,732517,41
2282,7,3349170,41
2935,44,2246905,41
3971,8,4769612,41
3719,47,1645494,41
930,35,752266,41
2485,14,1440264,41
1569,17,1567837,41
3191,36,983660,41
2315,40,1544568,41
3653,4,3595595,41
3233,2,7532890,41
2015,6,5744009,41
1755,42,1106325,41
3124,4,9070757,41
1984,29,1570921,41
1259,18,1843086,41
821,26,725672,41
3100,44,688888,41
1547,34,1006604,41
3704,10,3294708,41
1274,36,1101456,41
1882,14,3218219,41
3358,31,3373561,41
2847,48,737274,41
3547,15,4900535,41
1775,8,4580486,41
2606,14,2987127,41
989,23,540653,41
3805,40,2394106,41
3534,21,4253340,41
3805,16,4236721,41
1362,45,934332,41
2699,18,2477296,41
2067,47,710757,41
3679,24,5204702,41
2328,26,2366800,41
1446,25,1026660,41
2868,45,1924167,41
3688,41,3499984,41
3974,39,1768024,42
1660,18,1815328,42
2094,4,7305068,42
1930,25,586720,42
1895,14,3891066,42
3892,9,10057747,42
2438,26,2416328,42
2969,2,5856352,42
1266,20,908144,42
2038,28,1623427,42
1130,47,732517,42
2282,7,3349170,42
2935,44,2246905,42
3971,8,4769612,42
3719,47,1645494,42
930,35,752266,42
2485,14,1440264,42
1569,17,1567837,42
3191,36,983660,42
2315,40,1544568,42
3653,4,3595595,42
3233,2,7532890,42
2015,6,5744009,42
1755,42,1106325,42
3124,4,9070757,42
1984,29,1570921,42
1259,18,1843086,42
821,26,725672,42
3100,44,688888,42
1547,34,1006604,42
3704,10,3294708,42
1274,36,1101456,42
1882,14,3218219,42
3358,31,3373561,42
2847,48,737274,42
3547,15,4900535,42
1775,8,4580486,42
2606,14,2987127,42
989,23,540653,42
3805,40,2394106,42
3534,21,4253340,42
3805,16,4236721,42
1362,45,934332,42
2699,18,2477296,42
2067,47,710757,42
3679,24,5204702,42
2328,26,2366800,42
1446,25,1026660,42
2868,45,1924167,42
3688,41,3499984,42
3974,39,1768024,43
1660,18,1815328,43
2094,4,7305068,43
1930,25,586720,43
1895,14,3891066,43
3892,9,10057747,43
2438,26,2416328,43
2969,2,5856352,43
1266,20,908144,43
2038,28,1623427,43
1130,47,732517,43
2282,7,3349170,43
2935,44,2246905,43
3971,8,4769612,43
3719,47,1645494,43
930,35,752266,43
2485,14,1440264,43
1569,17,1567837,43
3191,36,983660,43
2315,40,1544568,43
3653,4,3595595,43
3233,2,7532890,43
2015,6,5744009,43
1755,42,1106325,43
3124,4,9070757,43
1984,29,1570921,43
1259,18,1843086,43
821,26,725672,43
3100,44,688888,43
1547,34,1006604,43
3704,10,3294708,43
1274,36,1101456,43
1882,14,3218219,43
3358,31,3373561,43
2847,48,737274,43
3547,15,4900535,43
1775,8,4580486,43
2606,14,2987127,43
989,23,540653,43
3805,40,2394106,43
3534,21,4253340,43
3805,16,4236721,43
1362,45,934332,43
2699,18,2477296,43
2067,47,710757,43
3679,24,5204702,43
2328,26,2366800,43
1446,25,1026660,43
2868,45,1924167,43
3688,41,3499984,43
3974,39,1768024,44
1660,18,1815328,44
2094,4,7305068,44
1930,25,586720,44
1895,14,3891066,44
3892,9,10057747,44
2438,26,2416328,44
2969,2,5856352,44
1266,20,908144,44
2038,28,1623427,44
1130,47,732517,44
2282,7,3349170,44
2935,44,2246905,44
3971,8,4769612,44
3719,47,1645494,44
930,35,752266,44
2485,14,1440264,44
1569,17,1567837,44
3191,36,983660,44
2315,40,1544568,44
3653,4,3595595,44
3233,2,7532890,44
2015,6,5744009,44
1755,42,1106325,44
3124,4,9070757,44
1984,29,1570921,44
1259,18,1843086,44
821,26,725672,44
3100,44,688888,44
1547,34,1006604,44
3704,10,3294708,44
1274,36,1101456,44
1882,14,3218219,44
3358,31,3373561,44
2847,48,737274,44
3547,15,4900535,44
1775,8,4580486,44
2606,14,2987127,44
989,23,540653,44
3805,40,2394106,44
3534,21,4253340,44
3805,16,4236721,44
1362,45,934332,44
2699,18,2477296,44
2067,47,710757,44
3679,24,5204702,44
2328,26,2366800,44
1446,25,1026660,44
2868,45,1924167,44
3688,41,3499984,44
3974,39,1768024,45
1660,18,1815328,45
2094,4,7305068,45
1930,25,586720,45
1895,14,3891066,45
3892,9,10057747,45
2438,26,2416328,45
2969,2,5856352,45
1266,20,908144,45
2038,28,1623427,45
1130,47,732517,45
2282,7,3349170,45
2935,44,2246905,45
3971,8,4769612,45
3719,47,1645494,45
930,35,752266,45
2485,14,1440264,45
1569,17,1567837,45
3191,36,983660,45
2315,40,1544568,45
3653,4,3595595,45
3233,2,7532890,45
2015,6,5744009,45
1755,42,1106325,45
3124,4,9070757,45
1984,29,1570921,45
1259,18,1843086,45
821,26,725672,45
3100,44,688888,45
1547,34,1006604,45
3704,10,3294708,45
1274,36,1101456,45
1882,14,3218219,45
3358,31,3373561,45
2847,48,737274,45
3547,15,4900535,45
1775,8,4580486,45
2606,14,2987127,45
989,23,540653,45
3805,40,2394106,45
3534,21,4253340,45
3805,16,4236721,45
1362,45,934332,45
2699,18,2477296,45
2067,47,710757,45
3679,24,5204702,45
2328,26,2366800,45
1446,25,1026660,45
2868,45,1924167,45
3688,41,3499984,45
3974,39,1768024,46
1660,18,1815328,46
2094,4,7305068,46
1930,25,586720,46
1895,14,3891066,46
3892,9,10057747,46
2438,26,2416328,46
2969,2,5856352,46
1266,20,908144,46
2038,28,1623427,46
1130,47,732517,46
2282,7,3349170,46
2935,44,2246905,46
3971,8,4769612,46
3719,47,1645494,46
930,35,752266,46
2485,14,1440264,46
1569,17,1567837,46
3191,36,983660,46
2315,40,1544568,46
3653,4,3595595,46
3233,2,7532890,46
2015,6,5744009,46
1755,42,1106325,46
3124,4,9070757,46
1984,29,1570921,46
1259,18,1843086,46
821,26,725672,46
3100,44,688888,46
1547,34,1006604,46
3704,10,3294708,46
1274,36,1101456,46
1882,14,3218219,46
3358,31,3373561,46
2847,48,737274,46
3547,15,4900535,46
1775,8,4580486,46
2606,14,2987127,46
989,23,540653,46
3805,40,2394106,46
3534,21,4253340,46
3805,16,4236721,46
1362,45,934332,46
2699,18,2477296,46
2067,47,710757,46
3679,24,5204702,46
2328,26,2366800,46
1446,25,1026660,46
2868,45,1924167,46
3688,41,3499984,46
3974,39,1768024,47
1660,18,1815328,47
2094,4,7305068,47
1930,25,586720,47
1895,14,3891066,47
3892,9,10057747,47
2438,26,2416328,47
2969,2,5856352,47
1266,20,908144,47
2038,28,1623427,47
1130,47,732517,47
2282,7,3349170,47
2935,44,2246905,47
3971,8,4769612,47
3719,47,1645494,47
930,35,752266,47
2485,14,1440264,47
1569,17,1567837,47
3191,36,983660,47
2315,40,1544568,47
3653,4,3595595,47
3233,2,7532890,47
2015,6,5744009,47
1755,42,1106325,47
3124,4,9070757,47
1984,29,1570921,47
1259,18,1843086,47
821,26,725672,47
3100,44,688888,47
1547,34,1006604,47
3704,10,3294708,47
1274,36,1101456,47
1882,14,3218219,47
3358,31,3373561,47
2847,48,737274,47
3547,15,4900535,47
1775,8,4580486,47
2606,14,2987127,47
989,23,540653,47
3805,40,2394106,47
3534,21,4253340,47
3805,16,4236721,47
1362,45,934332,47
2699,18,2477296,47
2067,47,710757,47
3679,24,5204702,47
2328,26,2366800,47
1446,25,1026660,47
2868,45,1924167,47
3688,41,3499984,47
3974,39,1768024,48
1660,18,1815328,48
2094,4,7305068,48
1930,25,586720,48
1895,14,3891066,48
3892,9,10057747,48
2438,26,2416328,48
2969,2,5856352,48
1266,20,908144,48
2038,28,1623427,48
1130,47,732517,48
2282,7,3349170,48
2935,44,2246905,48
3971,8,4769612,48
3719,47,1645494,48
930,35,752266,48
2485,14,1440264,48
1569,17,1567837,48
3191,36,983660,48
2315,40,1544568,48
3653,4,3595595,48
3233,2,7532890,48
2015,6,5744009,48
1755,42,1106325,48
3124,4,9070757,48
1984,29,1570921,48
1259,18,1843086,48
821,26,725672,48
3100,44,688888,48
1547,34,1006604,48
3704,10,3294708,48
1274,36,1101456,48
1882,14,3218219,48
3358,31,3373561,48
2847,48,737274,48
3547,15,4900535,48
1775,8,4580486,48
2606,14,2987127,48
989,23,540653,48
3805,40,2394106,48
3534,21,4253340,48
3805,16,4236721,48
1362,45,934332,48
2699,18,2477296,48
2067,47,710757,48
3679,24,5204702,48
2328,26,2366800,48
1446,25,1026660,48
2868,45,1924167,48
3688,41,3499984,48
3974,39,1768024,49
1660,18,1815328,49
2094,4,7305068,49
1930,25,586720,49
1895,14,3891066,49
3892,9,10057747,49
2438,26,2416328,49
2969,2,5856352,49
1266,20,908144,49
2038,28,1623427,49
1130,47,732517,49
2282,7,3349170,49
2935,44,2246905,49
3971,8,4769612,49
3719,47,1645494,49
930,35,752266,49
2485,14,1440264,49
1569,17,1567837,49
3191,36,983660,49
2315,40,1544568,49
3653,4,3595595,49
3233,2,7532890,49
2015,6,5744009,49
1755,42,1106325,49
3124,4,9070757,49
1984,29,1570921,49
1259,18,1843086,49
821,26,725672,49
3100,44,688888,49
1547,34,1006604,49
3704,10,3294708,49
1274,36,1101456,49
1882,14,3218219,49
3358,31,3373561,49
2847,48,737274,49
3547,15,4900535,49
1775,8,4580486,49
2606,14,2987127,49
989,23,540653,49
3805,40,2394106,49
3534,21,4253340,49
3805,16,4236721,49
1362,45,934332,49
2699,18,2477296,49
2067,47,710757,49
3679,24,5204702,49
2328,26,2366800,49
1446,25,1026660,49
2868,45,1924167,49
3688,41,3499984,49
3974,39,1768024,50
1660,18,1815328,50
2094,4,7305068,50
1930,25,586720,50
1895,14,3891066,50
3892,9,10057747,50
2438,26,2416328,50
2969,2,5856352,50
1266,20,908144,50
2038,28,1623427,50
1130,47,732517,50
2282,7,3349170,50
2935,44,2246905,50
3971,8,4769612,50
3719,47,1645494,50
930,35,752266,50
2485,14,1440264,50
1569,17,1567837,50
3191,36,983660,50
2315,40,1544568,50
3653,4,3595595,50
3233,2,7532890,50
2015,6,5744009,50
1755,42,1106325,50
3124,4,9070757,50
1984,29,1570921,50
1259,18,1843086,50
821,26,725672,50
3100,44,688888,50
1547,34,1006604,50
3704,10,3294708,50
1274,36,1101456,50
1882,14,3218219,50
3358,31,3373561,50
2847,48,737274,50
3547,15,4900535,50
1775,8,4580486,50
2606,14,2987127,50
989,23,540653,50
3805,40,2394106,50
3534,21,4253340,50
3805,16,4236721,50
1362,45,934332,50
2699,18,2477296,50
2067,47,710757,50
3679,24,5204702,50
2328,26,2366800,50
1446,25,1026660,50
2868,45,1924167,50
3688,41,3499984,50
3974,39,1768024,51
1660,18,1815328,51
2094,4,7305068,51
1930,25,586720,51
1895,14,3891066,51
3892,9,10057747,51
2438,26,2416328,51
2969,2,5856352,51
1266,20,908144,51
2038,28,1623427,51
1130,47,732517,51
2282,7,3349170,51
2935,44,2246905,51
3971,8,4769612,51
3719,47,1645494,51
930,35,752266,51
2485,14,1440264,51
1569,17,1567837,51
3191,36,983660,51
2315,40,1544568,51
3653,4,3595595,51
3233,2,7532890,51
2015,6,5744009,51
1755,42,1106325,51
3124,4,9070757,51
1984,29,1570921,51
1259,18,1843086,51
821,26,725672,51
3100,44,688888,51
1547,34,1006604,51
3704,10,3294708,51
1274,36,1101456,51
1882,14,3218219,51
3358,31,3373561,51
2847,48,737274,51
3547,15,4900535,51
1775,8,4580486,51
2606,14,2987127,51
989,23,540653,51
3805,40,2394106,51
3534,21,4253340,51
3805,16,4236721,51
1362,45,934332,51
2699,18,2477296,51
2067,47,710757,51
3679,24,5204702,51
2328,26,2366800,51
1446,25,1026660,51
2868,45,1924167,51
3688,41,3499984,51
3974,39,1768024,52
1660,18,1815328,52
2094,4,7305068,52
1930,25,586720,52
1895,14,3891066,52
3892,9,10057747,52
2438,26,2416328,52
2969,2,5856352,52
1266,20,908144,52
2038,28,1623427,52
1130,47,732517,52
2282,7,3349170,52
2935,44,2246905,52
3971,8,4769612,52
3719,47,1645494,52
930,35,752266,52
2485,14,1440264,52
1569,17,1567837,52
3191,36,983660,52
2315,40,1544568,52
3653,4,3595595,52
3233,2,7532890,52
2015,6,5744009,52
1755,42,1106325,52
3124,4,9070757,52
1984,29,1570921,52
1259,18,1843086,52
821,26,725672,52
3100,44,688888,52
1547,34,1006604,52
3704,10,3294708,52
1274,36,1101456,52
1882,14,3218219,52
3358,31,3373561,52
2847,48,737274,52
3547,15,4900535,52
1775,8,4580486,52
2606,14,2987127,52
989,23,540653,52
3805,40,2394106,52
3534,21,4253340,52
3805,16,4236721,52
1362,45,934332,52
2699,18,2477296,52
2067,47,710757,52
3679,24,5204702,52
2328,26,2366800,52
1446,25,1026660,52
2868,45,1924167,52
3688,41,3499984,52
3974,39,1768024,53
1660,18,1815328,53
2094,4,7305068,53
1930,25,586720,53
1895,14,3891066,53
3892,9,10057747,53
2438,26,2416328,53
2969,2,5856352,53
1266,20,908144,53
2038,28,1623427,53
1130,47,732517,53
2282,7,3349170,53
2935,44,2246905,53
3971,8,4769612,53
3719,47,1645494,53
930,35,752266,53
2485,14,1440264,53
1569,17,1567837,53
3191,36,983660,53
2315,40,1544568,53
3653,4,3595595,53
3233,2,7532890,53
2015,6,5744009,53
1755,42,1106325,53
3124,4,9070757,53
1984,29,1570921,53
1259,18,1843086,53
821,26,725672,53
3100,44,688888,53
1547,34,1006604,53
3704,10,3294708,53
1274,36,1101456,53
1882,14,3218219,53
3358,31,3373561,53
2847,48,737274,53
3547,15,4900535,53
1775,8,4580486,53
2606,14,2987127,53
989,23,540653,53
3805,40,2394106,53
3534,21,4253340,53
3805,16,4236721,53
1362,45,934332,53
2699,18,2477296,53
2067,47,710757,53
3679,24,5204702,53
2328,26,2366800,53
1446,25,1026660,53
2868,45,1924167,53
3688,41,3499984,53
3974,39,1768024,54
1660,18,1815328,54
2094,4,7305068,54
1930,25,586720,54
1895,14,3891066,54
3892,9,10057747,54
2438,26,2416328,54
2969,2,5856352,54
1266,20,908144,54
2038,28,1623427,54
1130,47,732517,54
2282,7,3349170,54
2935,44,2246905,54
3971,8,4769612,54
3719,47,1645494,54
930,35,752266,54
2485,14,1440264,54
1569,17,1567837,54
3191,36,983660,54
2315,40,1544568,54
3653,4,3595595,54
3233,2,7532890,54
2015,6,5744009,54
1755,42,1106325,54
3124,4,9070757,54
1984,29,1570921,54
1259,18,1843086,54
821,26,725672,54
3100,44,688888,54
1547,34,1006604,54
3704,10,3294708,54
1274,36,1101456,54
1882,14,3218219,54
3358,31,3373561,54
2847,48,737274,54
3547,15,4900535,54
1775,8,4580486,54
2606,14,2987127,54
989,23,540653,54
3805,40,2394106,54
3534,21,4253340,54
3805,16,4236721,54
1362,45,934332,54
2699,18,2477296,54
2067,47,710757,54
3679,24,5204702,54
2328,26,2366800,54
1446,25,1026660,54
2868,45,1924167,54
3688,41,3499984,54
3974,39,1768024,55
1660,18,1815328,55
2094,4,7305068,55
1930,25,586720,55
1895,14,3891066,55
3892,9,10057747,55
2438,26,2416328,55
2969,2,5856352,55
1266,20,908144,55
2038,28,1623427,55
1130,47,732517,55
2282,7,3349170,55
2935,44,2246905,55
3971,8,4769612,55
3719,47,1645494,55
930,35,752266,55
2485,14,1440264,55
1569,17,1567837,55
3191,36,983660,55
2315,40,1544568,55
3653,4,3595595,55
3233,2,7532890,55
2015,6,5744009,55
1755,42,1106325,55
3124,4,9070757,55
1984,29,1570921,55
1259,18,1843086,55
821,26,725672,55
3100,44,688888,55
1547,34,1006604,55
3704,10,3294708,55
1274,36,1101456,55
1882,14,3218219,55
3358,31,3373561,55
2847,48,737274,55
3547,15,4900535,55
1775,8,4580486,55
2606,14,2987127,55
989,23,540653,55
3805,40,2394106,55
3534,21,4253340,55
3805,16,4236721,55
1362,45,934332,55
2699,18,2477296,55
2067,47,710757,55
3679,24,5204702,55
2328,26,2366800,55
1446,25,1026660,55
2868,45,1924167,55
3688,41,3499984,55
3974,39,1768024,56
1660,18,1815328,56
2094,4,7305068,56
1930,25,586720,56
1895,14,3891066,56
3892,9,10057747,56
2438,26,2416328,56
2969,2,5856352,56
1266,20,908144,56
2038,28,1623427,56
1130,47,732517,56
2282,7,3349170,56
2935,44,2246905,56
3971,8,4769612,56
3719,47,1645494,56
930,35,752266,56
2485,14,1440264,56
1569,17,1567837,56
3191,36,983660,56
2315,40,1544568,56
3653,4,3595595,56
3233,2,7532890,56
2015,6,5744009,56
1755,42,1106325,56
3124,4,9070757,56
1984,29,1570921,56
1259,18,1843086,56
821,26,725672,56
3100,44,688888,56
1547,34,1006604,56
3704,10,3294708,56
1274,36,1101456,56
1882,14,3218219,56
3358,31,3373561,56
2847,48,737274,56
3547,15,4900535,56
1775,8,4580486,56
2606,14,2987127,56
989,23,540653,56
3805,40,2394106,56
3534,21,4253340,56
3805,16,4236721,56
1362,45,934332,56
2699,18,2477296,56
2067,47,710757,56
3679,24,5204702,56
2328,26,2366800,56
1446,25,1026660,56
2868,45,1924167,56
3688,41,3499984,56
3974,39,1768024,57
1660,18,1815328,57
2094,4,7305068,57
1930,25,586720,57
1895,14,3891066,57
3892,9,10057747,57
2438,26,2416328,57
2969,2,5856352,57
1266,20,908144,57
2038,28,1623427,57
1130,47,732517,57
2282,7,3349170,57
2935,44,2246905,57
3971,8,4769612,57
3719,47,1645494,57
930,35,752266,57
2485,14,1440264,57
1569,17,1567837,57
3191,36,983660,57
2315,40,1544568,57
3653,4,3595595,57
3233,2,7532890,57
2015,6,5744009,57
1755,42,1106325,57
3124,4,9070757,57
1984,29,1570921,57
1259,18,1843086,57
821,26,725672,57
3100,44,688888,57
1547,34,1006604,57
3704,10,3294708,57
1274,36,1101456,57
1882,14,3218219,57
3358,31,3373561,57
2847,48,737274,57
3547,15,4900535,57
1775,8,4580486,57
2606,14,2987127,57
989,23,540653,57
3805,40,2394106,57
3534,21,4253340,57
3805,16,4236721,57
1362,45,934332,57
2699,18,2477296,57
2067,47,710757,57
3679,24,5204702,57
2328,26,2366800,57
1446,25,1026660,57
2868,45,1924167,57
3688,41,3499984,57
3974,39,1768024,58
1660,18,1815328,58
2094,4,7305068,58
1930,25,586720,58
1895,14,3891066,58
3892,9,10057747,58
2438,26,2416328,58
2969,2,5856352,58
1266,20,908144,58
2038,28,1623427,58
1130,47,732517,58
2282,7,3349170,58
2935,44,2246905,58
3971,8,4769612,58
3719,47,1645494,58
930,35,752266,58
2485,14,1440264,58
1569,17,1567837,58
3191,36,983660,58
2315,40,1544568,58
3653,4,3595595,58
3233,2,7532890,58
2015,6,5744009,58
1755,42,1106325,58
3124,4,9070757,58
1984,29,1570921,58
1259,18,1843086,58
821,26,725672,58
3100,44,688888,58
1547,34,1006604,58
3704,10,3294708,58
1274,36,1101456,58
1882,14,3218219,58
3358,31,3373561,58
2847,48,737274,58
3547,15,4900535,58
1775,8,4580486,58
2606,14,2987127,58
989,23,540653,58
3805,40,2394106,58
3534,21,4253340,58
3805,16,4236721,58
1362,45,934332,58
2699,18,2477296,58
2067,47,710757,58
3679,24,5204702,58
2328,26,2366800,58
1446,25,1026660,58
2868,45,1924167,58
3688,41,3499984,58
3974,39,1768024,59
1660,18,1815328,59
2094,4,7305068,59
1930,25,586720,59
1895,14,3891066,59
3892,9,10057747,59
2438,26,2416328,59
2969,2,5856352,59
1266,20,908144,59
2038,28,1623427,59
1130,47,732517,59
2282,7,3349170,59
2935,44,2246905,59
3971,8,4769612,59
3719,47,1645494,59
930,35,752266,59
2485,14,1440264,59
1569,17,1567837,59
3191,36,983660,59
2315,40,1544568,59
3653,4,3595595,59
3233,2,7532890,59
2015,6,5744009,59
1755,42,1106325,59
3124,4,9070757,59
1984,29,1570921,59
1259,18,1843086,59
821,26,725672,59
3100,44,688888,59
1547,34,1006604,59
3704,10,3294708,59
1274,36,1101456,59
1882,14,3218219,59
3358,31,3373561,59
2847,48,737274,59
3547,15,4900535,59
1775,8,4580486,59
2606,14,2987127,59
989,23,540653,59
3805,40,2394106,59
3534,21,4253340,59
3805,16,4236721,59
1362,45,934332,59
2699,18,2477296,59
2067,47,710757,59
3679,24,5204702,59
2328,26,2366800,59
1446,25,1026660,59
2868,45,1924167,59
3688,41,3499984,59
3974,39,1768024,60
1660,18,1815328,60
2094,4,7305068,60
1930,25,586720,60
1895,14,3891066,60
3892,9,10057747,60
2438,26,2416328,60
2969,2,5856352,60
1266,20,908144,60
2038,28,1623427,60
1130,47,732517,60
2282,7,3349170,60
2935,44,2246905,60
3971,8,4769612,60
3719,47,1645494,60
930,35,752266,60
2485,14,1440264,60
1569,17,1567837,60
3191,36,983660,60
2315,40,1544568,60
3653,4,3595595,60
3233,2,7532890,60
2015,6,5744009,60
1755,42,1106325,60
3124,4,9070757,60
1984,29,1570921,60
1259,18,1843086,60
821,26,725672,60
3100,44,688888,60
1547,34,1006604,60
3704,10,3294708,60
1274,36,1101456,60
1882,14,3218219,60
3358,31,3373561,60
2847,48,737274,60
3547,15,4900535,60
1775,8,4580486,60
2606,14,2987127,60
989,23,540653,60
3805,40,2394106,60
3534,21,4253340,60
3805,16,4236721,60
1362,45,934332,60
2699,18,2477296,60
2067,47,710757,60
3679,24,5204702,60
2328,26,2366800,60
1446,25,1026660,60
2868,45,1924167,60
3688,41,3499984,60
3974,39,1768024,61
1660,18,1815328,61
2094,4,7305068,61
1930,25,586720,61
1895,14,3891066,61
3892,9,10057747,61
2438,26,2416328,61
2969,2,5856352,61
1266,20,908144,61
2038,28,1623427,61
1130,47,732517,61
2282,7,3349170,61
2935,44,2246905,61
3971,8,4769612,61
3719,47,1645494,61
930,35,752266,61
2485,14,1440264,61
1569,17,1567837,61
3191,36,983660,61
2315,40,1544568,61
3653,4,3595595,61
3233,2,7532890,61
2015,6,5744009,61
1755,42,1106325,61
3124,4,9070757,61
1984,29,1570921,61
1259,18,1843086,61
821,26,725672,61
3100,44,688888,61
1547,34,1006604,61
3704,10,3294708,61
1274,36,1101456,61
1882,14,3218219,61
3358,31,3373561,61
2847,48,737274,61
3547,15,4900535,61
1775,8,4580486,61
2606,14,2987127,61
989,23,540653,61
3805,40,2394106,61
3534,21,4253340,61
3805,16,4236721,61
1362,45,934332,61
2699,18,2477296,61
2067,47,710757,61
3679,24,5204702,61
2328,26,2366800,61
1446,25,1026660,61
2868,45,1924167,61
3688,41,3499984,61
3974,39,1768024,62
1660,18,1815328,62
2094,4,7305068,62
1930,25,586720,62
1895,14,3891066,62
3892,9,10057747,62
2438,26,2416328,62
2969,2,5856352,62
1266,20,908144,62
2038,28,1623427,62
1130,47,732517,62
2282,7,3349170,62
2935,44,2246905,62
3971,8,4769612,62
3719,47,1645494,62
930,35,752266,62
2485,14,1440264,62
1569,17,1567837,62
3191,36,983660,62
2315,40,1544568,62
3653,4,3595595,62
3233,2,7532890,62
2015,6,5744009,62
1755,42,1106325,62
3124,4,9070757,62
1984,29,1570921,62
1259,18,1843086,62
821,26,725672,62
3100,44,688888,62
1547,34,1006604,62
3704,10,3294708,62
1274,36,1101456,62
1882,14,3218219,62
3358,31,3373561,62
2847,48,737274,62
3547,15,4900535,62
1775,8,4580486,62
2606,14,2987127,62
989,23,540653,62
3805,40,2394106,62
3534,21,4253340,62
3805,16,4236721,62
1362,45,934332,62
2699,18,2477296,62
2067,47,710757,62
3679,24,5204702,62
2328,26,2366800,62
1446,25,1026660,62
2868,45,1924167,62
3688,41,3499984,62
3974,39,1768024,63
1660,18,1815328,63
2094,4,7305068,63
1930,25,586720,63
1895,14,3891066,63
3892,9,10057747,63
2438,26,2416328,63
2969,2,5856352,63
1266,20,908144,63
2038,28,1623427,63
1130,47,732517,63
2282,7,3349170,63
2935,44,2246905,63
3971,8,4769612,63
3719,47,1645494,63
930,35,752266,63
2485,14,1440264,63
1569,17,1567837,63
3191,36,983660,63
2315,40,1544568,63
3653,4,3595595,63
3233,2,7532890,63
2015,6,5744009,63
1755,42,1106325,63
3124,4,9070757,63
1984,29,1570921,63
1259,18,1843086,63
821,26,725672,63
3100,44,688888,63
1547,34,1006604,63
3704,10,3294708,63
1274,36,1101456,63
1882,14,3218219,63
3358,31,3373561,63
2847,48,737274,63
3547,15,4900535,63
1775,8,4580486,63
2606,14,2987127,63
989,23,540653,63
3805,40,2394106,63
3534,21,4253340,63
3805,16,4236721,63
1362,45,934332,63
2699,18,2477296,63
2067,47,710757,63
3679,24,5204702,63
2328,26,2366800,63
1446,25,1026660,63
2868,45,1924167,63
3688,41,3499984,63
3974,39,1768024,64
1660,18,1815328,64
2094,4,7305068,64
1930,25,586720,64
1895,14,3891066,64
3892,9,10057747,64
2438,26,2416328,64
2969,2,5856352,64
1266,20,908144,64
2038,28,1623427,64
1130,47,732517,64
2282,7,3349170,64
2935,44,2246905,64
3971,8,4769612,64
3719,47,1645494,64
930,35,752266,64
2485,14,1440264,64
1569,17,1567837,64
3191,36,983660,64
2315,40,1544568,64
3653,4,3595595,64
3233,2,7532890,64
2015,6,5744009,64
1755,42,1106325,64
3124,4,9070757,64
1984,29,1570921,64
1259,18,1843086,64
821,26,725672,64
3100,44,688888,64
1547,34,1006604,64
3704,10,3294708,64
1274,36,1101456,64
1882,14,3218219,64
3358,31,3373561,64
2847,48,737274,64
3547,15,4900535,64
1775,8,4580486,64
2606,14,2987127,64
989,23,540653,64
3805,40,2394106,64
3534,21,4253340,64
3805,16,4236721,64
1362,45,934332,64
2699,18,2477296,64
2067,47,710757,64
3679,24,5204702,64
2328,26,2366800,64
1446,25,1026660,64
2868,45,1924167,64
3688,41,3499984,64
3974,39,1768024,65
1660,18,1815328,65
2094,4,7305068,65
1930,25,586720,65
1895,14,3891066,65
3892,9,10057747,65
2438,26,2416328,65
2969,2,5856352,65
1266,20,908144,65
2038,28,1623427,65
1130,47,732517,65
2282,7,3349170,65
2935,44,2246905,65
3971,8,4769612,65
3719,47,1645494,65
930,35,752266,65
2485,14,1440264,65
1569,17,1567837,65
3191,36,983660,65
2315,40,1544568,65
3653,4,3595595,65
3233,2,7532890,65
2015,6,5744009,65
1755,42,1106325,65
3124,4,9070757,65
1984,29,1570921,65
1259,18,1843086,65
821,26,725672,65
3100,44,688888,65
1547,34,1006604,65
3704,10,3294708,65
1274,36,1101456,65
1882,14,3218219,65
3358,31,3373561,65
2847,48,737274,65
3547,15,4900535,65
1775,8,4580486,65
2606,14,2987127,65
989,23,540653,65
3805,40,2394106,65
3534,21,4253340,65
3805,16,4236721,65
1362,45,934332,65
2699,18,2477296,65
2067,47,710757,65
3679,24,5204702,65
2328,26,2366800,65
1446,25,1026660,65
2868,45,1924167,65
3688,41,3499984,65
3974,39,1768024,66
1660,18,1815328,66
2094,4,7305068,66
1930,25,586720,66
1895,14,3891066,66
3892,9,10057747,66
2438,26,2416328,66
2969,2,5856352,66
1266,20,908144,66
2038,28,1623427,66
1130,47,732517,66
2282,7,3349170,66
2935,44,2246905,66
3971,8,4769612,66
3719,47,1645494,66
930,35,752266,66
2485,14,1440264,66
1569,17,1567837,66
3191,36,983660,66
2315,40,1544568,66
3653,4,3595595,66
3233,2,7532890,66
2015,6,5744009,66
1755,42,1106325,66
3124,4,9070757,66
1984,29,1570921,66
1259,18,1843086,66
821,26,725672,66
3100,44,688888,66
1547,34,1006604,66
3704,10,3294708,66
1274,36,1101456,66
1882,14,3218219,66
3358,31,3373561,66
2847,48,737274,66
3547,15,4900535,66
1775,8,4580486,66
2606,14,2987127,66
989,23,540653,66
3805,40,2394106,66
3534,21,4253340,66
3805,16,4236721,66
1362,45,934332,66
2699,18,2477296,66
2067,47,710757,66
3679,24,5204702,66
2328,26,2366800,66
1446,25,1026660,66
2868,45,1924167,66
3688,41,3499984,66
3974,39,1768024,67
1660,18,1815328,67
2094,4,7305068,67
1930,25,586720,67
1895,14,3891066,67
3892,9,10057747,67
2438,26,2416328,67
2969,2,5856352,67
1266,20,908144,67
2038,28,1623427,67
1130,47,732517,67
2282,7,3349170,67
2935,44,2246905,67
3971,8,4769612,67
3719,47,1645494,67
930,35,752266,67
2485,14,1440264,67
1569,17,1567837,67
3191,36,983660,67
2315,40,1544568,67
3653,4,3595595,67
3233,2,7532890,67
2015,6,5744009,67
1755,42,1106325,67
3124,4,9070757,67
1984,29,1570921,67
1259,18,1843086,67
821,26,725672,67
3100,44,688888,67
1547,34,1006604,67
3704,10,3294708,67
1274,36,1101456,67
1882,14,3218219,67
3358,31,3373561,67
2847,48,737274,67
3547,15,4900535,67
1775,8,4580486,67
2606,14,2987127,67
989,23,540653,67
3805,40,2394106,67
3534,21,4253340,67
3805,16,4236721,67
1362,45,934332,67
2699,18,2477296,67
2067,47,710757,67
3679,24,5204702,67
2328,26,2366800,67
1446,25,1026660,67
2868,45,1924167,67
3688,41,3499984,67
3974,39,1768024,68
1660,18,1815328,68
2094,4,7305068,68
1930,25,586720,68
1895,14,3891066,68
3892,9,10057747,68
2438,26,2416328,68
2969,2,5856352,68
1266,20,908144,68
2038,28,1623427,68
1130,47,732517,68
2282,7,3349170,68
2935,44,2246905,68
3971,8,4769612,68
3719,47,1645494,68
930,35,752266,68
2485,14,1440264,68
1569,17,1567837,68
3191,36,983660,68
2315,40,1544568,68
3653,4,3595595,68
3233,2,7532890,68
2015,6,5744009,68
1755,42,1106325,68
3124,4,9070757,68
1984,29,1570921,68
1259,18,1843086,68
821,26,725672,68
3100,44,688888,68
1547,34,1006604,68
3704,10,3294708,68
1274,36,1101456,68
1882,14,3218219,68
3358,31,3373561,68
2847,48,737274,68
3547,15,4900535,68
1775,8,4580486,68
2606,14,2987127,68
989,23,540653,68
3805,40,2394106,68
3534,21,4253340,68
3805,16,4236721,68
1362,45,934332,68
2699,18,2477296,68
2067,47,710757,68
3679,24,5204702,68
2328,26,2366800,68
1446,25,1026660,68
2868,45,1924167,68
3688,41,3499984,68
3974,39,1768024,69
1660,18,1815328,69
2094,4,7305068,69
1930,25,586720,69
1895,14,3891066,69
3892,9,10057747,69
2438,26,2416328,69
2969,2,5856352,69
1266,20,908144,69
2038,28,1623427,69
1130,47,732517,69
2282,7,3349170,69
2935,44,2246905,69
3971,8,4769612,69
3719,47,1645494,69
930,35,752266,69
2485,14,1440264,69
1569,17,1567837,69
3191,36,983660,69
2315,40,1544568,69
3653,4,3595595,69
3233,2,7532890,69
2015,6,5744009,69
1755,42,1106325,69
3124,4,9070757,69
1984,29,1570921,69
1259,18,1843086,69
821,26,725672,69
3100,44,688888,69
1547,34,1006604,69
3704,10,3294708,69
1274,36,1101456,69
1882,14,3218219,69
3358,31,3373561,69
2847,48,737274,69
3547,15,4900535,69
1775,8,4580486,69
2606,14,2987127,69
989,23,540653,69
3805,40,2394106,69
3534,21,4253340,69
3805,16,4236721,69
1362,45,934332,69
2699,18,2477296,69
2067,47,710757,69
3679,24,5204702,69
2328,26,2366800,69
1446,25,1026660,69
2868,45,1924167,69
3688,41,3499984,69
3974,39,1768024,70
1660,18,1815328,70
2094,4,7305068,70
1930,25,586720,70
1895,14,3891066,70
3892,9,10057747,70
2438,26,2416328,70
2969,2,5856352,70
1266,20,908144,70
2038,28,1623427,70
1130,47,732517,70
2282,7,3349170,70
2935,44,2246905,70
3971,8,4769612,70
3719,47,1645494,70
930,35,752266,70
2485,14,1440264,70
1569,17,1567837,70
3191,36,983660,70
2315,40,1544568,70
3653,4,3595595,70
3233,2,7532890,70
2015,6,5744009,70
1755,42,1106325,70
3124,4,9070757,70
1984,29,1570921,70
1259,18,1843086,70
821,26,725672,70
3100,44,688888,70
1547,34,1006604,70
3704,10,3294708,70
1274,36,1101456,70
1882,14,3218219,70
3358,31,3373561,70
2847,48,737274,70
3547,15,4900535,70
1775,8,4580486,70
2606,14,2987127,70
989,23,540653,70
3805,40,2394106,70
3534,21,4253340,70
3805,16,4236721,70
1362,45,934332,70
2699,18,2477296,70
2067,47,710757,70
3679,24,5204702,70
2328,26,2366800,70
1446,25,1026660,70
2868,45,1924167,70
3688,41,3499984,70
3974,39,1768024,71
1660,18,1815328,71
2094,4,7305068,71
1930,25,586720,71
1895,14,3891066,71
3892,9,10057747,71
2438,26,2416328,71
2969,2,5856352,71
1266,20,908144,71
2038,28,1623427,71
1130,47,732517,71
2282,7,3349170,71
2935,44,2246905,71
3971,8,4769612,71
3719,47,1645494,71
930,35,752266,71
2485,14,1440264,71
1569,17,1567837,71
3191,36,983660,71
2315,40,1544568,71
3653,4,3595595,71
3233,2,7532890,71
2015,6,5744009,71
1755,42,1106325,71
3124,4,9070757,71
1984,29,1570921,71
1259,18,1843086,71
821,26,725672,71
3100,44,688888,71
1547,34,1006604,71
3704,10,3294708,71
1274,36,1101456,71
1882,14,3218219,71
3358,31,3373561,71
2847,48,737274,71
3547,15,4900535,71
1775,8,4580486,71
2606,14,2987127,71
989,23,540653,71
3805,40,2394106,71
3534,21,4253340,71
3805,16,4236721,71
1362,45,934332,71
2699,18,2477296,71
2067,47,710757,71
3679,24,5204702,71
2328,26,2366800,71
1446,25,1026660,71
2868,45,1924167,71
3688,41,3499984,71
3974,39,1768024,72
1660,18,1815328,72
2094,4,7305068,72
1930,25,586720,72
1895,14,3891066,72
3892,9,10057747,72
2438,26,2416328,72
2969,2,5856352,72
1266,20,908144,72
2038,28,1623427,72
1130,47,732517,72
2282,7,3349170,72
2935,44,2246905,72
3971,8,4769612,72
3719,47,1645494,72
930,35,752266,72
2485,14,1440264,72
1569,17,1567837,72
3191,36,983660,72
2315,40,1544568,72
3653,4,3595595,72
3233,2,7532890,72
2015,6,5744009,72
1755,42,1106325,72
3124,4,9070757,72
1984,29,1570921,72
1259,18,1843086,72
821,26,725672,72
3100,44,688888,72
1547,34,1006604,72
3704,10,3294708,72
1274,36,1101456,72
1882,14,3218219,72
3358,31,3373561,72
2847,48,737274,72
3547,15,4900535,72
1775,8,4580486,72
2606,14,2987127,72
989,23,540653,72
3805,40,2394106,72
3534,21,4253340,72
3805,16,4236721,72
1362,45,934332,72
2699,18,2477296,72
2067,47,710757,72
3679,24,5204702,72
2328,26,2366800,72
1446,25,1026660,72
2868,45,1924167,72
3688,41,3499984,72
3974,39,1768024,73
1660,18,1815328,73
2094,4,7305068,73
1930,25,586720,73
1895,14,3891066,73
3892,9,10057747,73
2438,26,2416328,73
2969,2,5856352,73
1266,20,908144,73
2038,28,1623427,73
1130,47,732517,73
2282,7,3349170,73
2935,44,2246905,73
3971,8,4769612,73
3719,47,1645494,73
930,35,752266,73
2485,14,1440264,73
1569,17,1567837,73
3191,36,983660,73
2315,40,1544568,73
3653,4,3595595,73
3233,2,7532890,73
2015,6,5744009,73
1755,42,1106325,73
3124,4,9070757,73
1984,29,1570921,73
1259,18,1843086,73
821,26,725672,73
3100,44,688888,73
1547,34,1006604,73
3704,10,3294708,73
1274,36,1101456,73
1882,14,3218219,73
3358,31,3373561,73
2847,48,737274,73
3547,15,4900535,73
1775,8,4580486,73
2606,14,2987127,73
989,23,540653,73
3805,40,2394106,73
3534,21,4253340,73
3805,16,4236721,73
1362,45,934332,73
2699,18,2477296,73
2067,47,710757,73
3679,24,5204702,73
2328,26,2366800,73
1446,25,1026660,73
2868,45,1924167,73
3688,41,3499984,73
3974,39,1768024,74
1660,18,1815328,74
2094,4,7305068,74
1930,25,586720,74
1895,14,3891066,74
3892,9,10057747,74
2438,26,2416328,74
2969,2,5856352,74
1266,20,908144,74
2038,28,1623427,74
1130,47,732517,74
2282,7,3349170,74
2935,44,2246905,74
3971,8,4769612,74
3719,47,1645494,74
930,35,752266,74
2485,14,1440264,74
1569,17,1567837,74
3191,36,983660,74
2315,40,1544568,74
3653,4,3595595,74
3233,2,7532890,74
2015,6,5744009,74
1755,42,1106325,74
3124,4,9070757,74
1984,29,1570921,74
1259,18,1843086,74
821,26,725672,74
3100,44,688888,74
1547,34,1006604,74
3704,10,3294708,74
1274,36,1101456,74
1882,14,3218219,74
3358,31,3373561,74
2847,48,737274,74
3547,15,4900535,74
1775,8,4580486,74
2606,14,2987127,74
989,23,540653,74
3805,40,2394106,74
3534,21,4253340,74
3805,16,4236721,74
1362,45,934332,74
2699,18,2477296,74
2067,47,710757,74
3679,24,5204702,74
2328,26,2366800,74
1446,25,1026660,74
2868,45,1924167,74
3688,41,3499984,74
3974,39,1768024,75
1660,18,1815328,75
2094,4,7305068,75
1930,25,586720,75
1895,14,3891066,75
3892,9,10057747,75
2438,26,2416328,75
2969,2,5856352,75
1266,20,908144,75
2038,28,1623427,75
1130,47,732517,75
2282,7,3349170,75
2935,44,2246905,75
3971,8,4769612,75
3719,47,1645494,75
930,35,752266,75
2485,14,1440264,75
1569,17,1567837,75
3191,36,983660,75
2315,40,1544568,75
3653,4,3595595,75
3233,2,7532890,75
2015,6,5744009,75
1755,42,1106325,75
3124,4,9070757,75
1984,29,1570921,75
1259,18,1843086,75
821,26,725672,75
3100,44,688888,75
1547,34,1006604,75
3704,10,3294708,75
1274,36,1101456,75
1882,14,3218219,75
3358,31,3373561,75
2847,48,737274,75
3547,15,4900535,75
1775,8,4580486,75
2606,14,2987127,75
989,23,540653,75
3805,40,2394106,75
3534,21,4253340,75
3805,16,4236721,75
1362,45,934332,75
2699,18,2477296,75
2067,47,710757,75
3679,24,5204702,75
2328,26,2366800,75
1446,25,1026660,75
2868,45,1924167,75
3688,41,3499984,75
3974,39,1768024,76
1660,18,1815328,76
2094,4,7305068,76
1930,25,586720,76
1895,14,3891066,76
3892,9,10057747,76
2438,26,2416328,76
2969,2,5856352,76
1266,20,908144,76
2038,28,1623427,76
1130,47,732517,76
2282,7,3349170,76
2935,44,2246905,76
3971,8,4769612,76
3719,47,1645494,76
930,35,752266,76
2485,14,1440264,76
1569,17,1567837,76
3191,36,983660,76
2315,40,1544568,76
3653,4,3595595,76
3233,2,7532890,76
2015,6,5744009,76
1755,42,1106325,76
3124,4,9070757,76
1984,29,1570921,76
1259,18,1843086,76
821,26,725672,76
3100,44,688888,76
1547,34,1006604,76
3704,10,3294708,76
1274,36,1101456,76
1882,14,3218219,76
3358,31,3373561,76
2847,48,737274,76
3547,15,4900535,76
1775,8,4580486,76
2606,14,2987127,76
989,23,540653,76
3805,40,2394106,76
3534,21,4253340,76
3805,16,4236721,76
1362,45,934332,76
2699,18,2477296,76
2067,47,710757,76
3679,24,5204702,76
2328,26,2366800,76
1446,25,1026660,76
2868,45,1924167,76
3688,41,3499984,76
3974,39,1768024,77
1660,18,1815328,77
2094,4,7305068,77
1930,25,586720,77
1895,14,3891066,77
3892,9,10057747,77
2438,26,2416328,77
2969,2,5856352,77
1266,20,908144,77
2038,28,1623427,77
1130,47,732517,77
2282,7,3349170,77
2935,44,2246905,77
3971,8,4769612,77
3719,47,1645494,77
930,35,752266,77
2485,14,1440264,77
1569,17,1567837,77
3191,36,983660,77
2315,40,1544568,77
3653,4,3595595,77
3233,2,7532890,77
2015,6,5744009,77
1755,42,1106325,77
3124,4,9070757,77
1984,29,1570921,77
1259,18,1843086,77
821,26,725672,77
3100,44,688888,77
1547,34,1006604,77
3704,10,3294708,77
1274,36,1101456,77
1882,14,3218219,77
3358,31,3373561,77
2847,48,737274,77
3547,15,4900535,77
1775,8,4580486,77
2606,14,2987127,77
989,23,540653,77
3805,40,2394106,77
3534,21,4253340,77
3805,16,4236721,77
1362,45,934332,77
2699,18,2477296,77
2067,47,710757,77
3679,24,5204702,77
2328,26,2366800,77
1446,25,1026660,77
2868,45,1924167,77
3688,41,3499984,77
3974,39,1768024,78
1660,18,1815328,78
2094,4,7305068,78
1930,25,586720,78
1895,14,3891066,78
3892,9,10057747,78
2438,26,2416328,78
2969,2,5856352,78
1266,20,908144,78
2038,28,1623427,78
1130,47,732517,78
2282,7,3349170,78
2935,44,2246905,78
3971,8,4769612,78
3719,47,1645494,78
930,35,752266,78
2485,14,1440264,78
1569,17,1567837,78
3191,36,983660,78
2315,40,1544568,78
3653,4,3595595,78
3233,2,7532890,78
2015,6,5744009,78
1755,42,1106325,78
3124,4,9070757,78
1984,29,1570921,78
1259,18,1843086,78
821,26,725672,78
3100,44,688888,78
1547,34,1006604,78
3704,10,3294708,78
1274,36,1101456,78
1882,14,3218219,78
3358,31,3373561,78
2847,48,737274,78
3547,15,4900535,78
1775,8,4580486,78
2606,14,2987127,78
989,23,540653,78
3805,40,2394106,78
3534,21,4253340,78
3805,16,4236721,78
1362,45,934332,78
2699,18,2477296,78
2067,47,710757,78
3679,24,5204702,78
2328,26,2366800,78
1446,25,1026660,78
2868,45,1924167,78
3688,41,3499984,78
3974,39,1768024,79
1660,18,1815328,79
2094,4,7305068,79
1930,25,586720,79
1895,14,3891066,79
3892,9,10057747,79
2438,26,2416328,79
2969,2,5856352,79
1266,20,908144,79
2038,28,1623427,79
1130,47,732517,79
2282,7,3349170,79
2935,44,2246905,79
3971,8,4769612,79
3719,47,1645494,79
930,35,752266,79
2485,14,1440264,79
1569,17,1567837,79
3191,36,983660,79
2315,40,1544568,79
3653,4,3595595,79
3233,2,7532890,79
2015,6,5744009,79
1755,42,1106325,79
3124,4,9070757,79
1984,29,1570921,79
1259,18,1843086,79
821,26,725672,79
3100,44,688888,79
1547,34,1006604,79
3704,10,3294708,79
1274,36,1101456,79
1882,14,3218219,79
3358,31,3373561,79
2847,48,737274,79
3547,15,4900535,79
1775,8,4580486,79
2606,14,2987127,79
989,23,540653,79
3805,40,2394106,79
3534,21,4253340,79
3805,16,4236721,79
1362,45,934332,79
2699,18,2477296,79
2067,47,710757,79
3679,24,5204702,79
2328,26,2366800,79
1446,25,1026660,79
2868,45,1924167,79
3688,41,3499984,79
3974,39,1768024,80
1660,18,1815328,80
2094,4,7305068,80
1930,25,586720,80
1895,14,3891066,80
3892,9,10057747,80
2438,26,2416328,80
2969,2,5856352,80
1266,20,908144,80
2038,28,1623427,80
1130,47,732517,80
2282,7,3349170,80
2935,44,2246905,80
3971,8,4769612,80
3719,47,1645494,80
930,35,752266,80
2485,14,1440264,80
1569,17,1567837,80
3191,36,983660,80
2315,40,1544568,80
3653,4,3595595,80
3233,2,7532890,80
2015,6,5744009,80
1755,42,1106325,80
3124,4,9070757,80
1984,29,1570921,80
1259,18,1843086,80
821,26,725672,80
3100,44,688888,80
1547,34,1006604,80
3704,10,3294708,80
1274,36,1101456,80
1882,14,3218219,80
3358,31,3373561,80
2847,48,737274,80
3547,15,4900535,80
1775,8,4580486,80
2606,14,2987127,80
989,23,540653,80
3805,40,2394106,80
3534,21,4253340,80
3805,16,4236721,80
1362,45,934332,80
2699,18,2477296,80
2067,47,710757,80
3679,24,5204702,80
2328,26,2366800,80
1446,25,1026660,80
2868,45,1924167,80
3688,41,3499984,80
3974,39,1768024,81
1660,18,1815328,81
2094,4,7305068,81
1930,25,586720,81
1895,14,3891066,81
3892,9,10057747,81
2438,26,2416328,81
2969,2,5856352,81
1266,20,908144,81
2038,28,1623427,81
1130,47,732517,81
2282,7,3349170,81
2935,44,2246905,81
3971,8,4769612,81
3719,47,1645494,81
930,35,752266,81
2485,14,1440264,81
1569,17,1567837,81
3191,36,983660,81
2315,40,1544568,81
3653,4,3595595,81
3233,2,7532890,81
2015,6,5744009,81
1755,42,1106325,81
3124,4,9070757,81
1984,29,1570921,81
1259,18,1843086,81
821,26,725672,81
3100,44,688888,81
1547,34,1006604,81
3704,10,3294708,81
1274,36,1101456,81
1882,14,3218219,81
3358,31,3373561,81
2847,48,737274,81
3547,15,4900535,81
1775,8,4580486,81
2606,14,2987127,81
989,23,540653,81
3805,40,2394106,81
3534,21,4253340,81
3805,16,4236721,81
1362,45,934332,81
2699,18,2477296,81
2067,47,710757,81
3679,24,5204702,81
2328,26,2366800,81
1446,25,1026660,81
2868,45,1924167,81
3688,41,3499984,81
3974,39,1768024,82
1660,18,1815328,82
2094,4,7305068,82
1930,25,586720,82
1895,14,3891066,82
3892,9,10057747,82
2438,26,2416328,82
2969,2,5856352,82
1266,20,908144,82
2038,28,1623427,82
1130,47,732517,82
2282,7,3349170,82
2935,44,2246905,82
3971,8,4769612,82
3719,47,1645494,82
930,35,752266,82
2485,14,1440264,82
1569,17,1567837,82
3191,36,983660,82
2315,40,1544568,82
3653,4,3595595,82
3233,2,7532890,82
2015,6,5744009,82
1755,42,1106325,82
3124,4,9070757,82
1984,29,1570921,82
1259,18,1843086,82
821,26,725672,82
3100,44,688888,82
1547,34,1006604,82
3704,10,3294708,82
1274,36,1101456,82
1882,14,3218219,82
3358,31,3373561,82
2847,48,737274,82
3547,15,4900535,82
1775,8,4580486,82
2606,14,2987127,82
989,23,540653,82
3805,40,2394106,82
3534,21,4253340,82
3805,16,4236721,82
1362,45,934332,82
2699,18,2477296,82
2067,47,710757,82
3679,24,5204702,82
2328,26,2366800,82
1446,25,1026660,82
2868,45,1924167,82
3688,41,3499984,82
3974,39,1768024,83
1660,18,1815328,83
2094,4,7305068,83
1930,25,586720,83
1895,14,3891066,83
3892,9,10057747,83
2438,26,2416328,83
2969,2,5856352,83
1266,20,908144,83
2038,28,1623427,83
1130,47,732517,83
2282,7,3349170,83
2935,44,2246905,83
3971,8,4769612,83
3719,47,1645494,83
930,35,752266,83
2485,14,1440264,83
1569,17,1567837,83
3191,36,983660,83
2315,40,1544568,83
3653,4,3595595,83
3233,2,7532890,83
2015,6,5744009,83
1755,42,1106325,83
3124,4,9070757,83
1984,29,1570921,83
1259,18,1843086,83
821,26,725672,83
3100,44,688888,83
1547,34,1006604,83
3704,10,3294708,83
1274,36,1101456,83
1882,14,3218219,83
3358,31,3373561,83
2847,48,737274,83
3547,15,4900535,83
1775,8,4580486,83
2606,14,2987127,83
989,23,540653,83
3805,40,2394106,83
3534,21,4253340,83
3805,16,4236721,83
1362,45,934332,83
2699,18,2477296,83
2067,47,710757,83
3679,24,5204702,83
2328,26,2366800,83
1446,25,1026660,83
2868,45,1924167,83
3688,41,3499984,83
3974,39,1768024,84
1660,18,1815328,84
2094,4,7305068,84
1930,25,586720,84
1895,14,3891066,84
3892,9,10057747,84
2438,26,2416328,84
2969,2,5856352,84
1266,20,908144,84
2038,28,1623427,84
1130,47,732517,84
2282,7,3349170,84
2935,44,2246905,84
3971,8,4769612,84
3719,47,1645494,84
930,35,752266,84
2485,14,1440264,84
1569,17,1567837,84
3191,36,983660,84
2315,40,1544568,84
3653,4,3595595,84
3233,2,7532890,84
2015,6,5744009,84
1755,42,1106325,84
3124,4,9070757,84
1984,29,1570921,84
1259,18,1843086,84
821,26,725672,84
3100,44,688888,84
1547,34,1006604,84
3704,10,3294708,84
1274,36,1101456,84
1882,14,3218219,84
3358,31,3373561,84
2847,48,737274,84
3547,15,4900535,84
1775,8,4580486,84
2606,14,2987127,84
989,23,540653,84
3805,40,2394106,84
3534,21,4253340,84
3805,16,4236721,84
1362,45,934332,84
2699,18,2477296,84
2067,47,710757,84
3679,24,5204702,84
2328,26,2366800,84
1446,25,1026660,84
2868,45,1924167,84
3688,41,3499984,84
3974,39,1768024,85
1660,18,1815328,85
2094,4,7305068,85
1930,25,586720,85
1895,14,3891066,85
3892,9,10057747,85
2438,26,2416328,85
2969,2,5856352,85
1266,20,908144,85
2038,28,1623427,85
1130,47,732517,85
2282,7,3349170,85
2935,44,2246905,85
3971,8,4769612,85
3719,47,1645494,85
930,35,752266,85
2485,14,1440264,85
1569,17,1567837,85
3191,36,983660,85
2315,40,1544568,85
3653,4,3595595,85
3233,2,7532890,85
2015,6,5744009,85
1755,42,1106325,85
3124,4,9070757,85
1984,29,1570921,85
1259,18,1843086,85
821,26,725672,85
3100,44,688888,85
1547,34,1006604,85
3704,10,3294708,85
1274,36,1101456,85
1882,14,3218219,85
3358,31,3373561,85
2847,48,737274,85
3547,15,4900535,85
1775,8,4580486,85
2606,14,2987127,85
989,23,540653,85
3805,40,2394106,85
3534,21,4253340,85
3805,16,4236721,85
1362,45,934332,85
2699,18,2477296,85
2067,47,710757,85
3679,24,5204702,85
2328,26,2366800,85
1446,25,1026660,85
2868,45,1924167,85
3688,41,3499984,85
3974,39,1768024,86
1660,18,1815328,86
2094,4,7305068,86
1930,25,586720,86
1895,14,3891066,86
3892,9,10057747,86
2438,26,2416328,86
2969,2,5856352,86
1266,20,908144,86
2038,28,1623427,86
1130,47,732517,86
2282,7,3349170,86
2935,44,2246905,86
3971,8,4769612,86
3719,47,1645494,86
930,35,752266,86
2485,14,1440264,86
1569,17,1567837,86
3191,36,983660,86
2315,40,1544568,86
3653,4,3595595,86
3233,2,7532890,86
2015,6,5744009,86
1755,42,1106325,86
3124,4,9070757,86
1984,29,1570921,86
1259,18,1843086,86
821,26,725672,86
3100,44,688888,86
1547,34,1006604,86
3704,10,3294708,86
1274,36,1101456,86
1882,14,3218219,86
3358,31,3373561,86
2847,48,737274,86
3547,15,4900535,86
1775,8,4580486,86
2606,14,2987127,86
989,23,540653,86
3805,40,2394106,86
3534,21,4253340,86
3805,16,4236721,86
1362,45,934332,86
2699,18,2477296,86
2067,47,710757,86
3679,24,5204702,86
2328,26,2366800,86
1446,25,1026660,86
2868,45,1924167,86
3688,41,3499984,86
3974,39,1768024,87
1660,18,1815328,87
2094,4,7305068,87
1930,25,586720,87
1895,14,3891066,87
3892,9,10057747,87
2438,26,2416328,87
2969,2,5856352,87
1266,20,908144,87
2038,28,1623427,87
1130,47,732517,87
2282,7,3349170,87
2935,44,2246905,87
3971,8,4769612,87
3719,47,1645494,87
930,35,752266,87
2485,14,1440264,87
1569,17,1567837,87
3191,36,983660,87
2315,40,1544568,87
3653,4,3595595,87
3233,2,7532890,87
2015,6,5744009,87
1755,42,1106325,87
3124,4,9070757,87
1984,29,1570921,87
1259,18,1843086,87
821,26,725672,87
3100,44,688888,87
1547,34,1006604,87
3704,10,3294708,87
1274,36,1101456,87
1882,14,3218219,87
3358,31,3373561,87
2847,48,737274,87
3547,15,4900535,87
1775,8,4580486,87
2606,14,2987127,87
989,23,540653,87
3805,40,2394106,87
3534,21,4253340,87
3805,16,4236721,87
1362,45,934332,87
2699,18,2477296,87
2067,47,710757,87
3679,24,5204702,87
2328,26,2366800,87
1446,25,1026660,87
2868,45,1924167,87
3688,41,3499984,87
3974,39,1768024,88
1660,18,1815328,88
2094,4,7305068,88
1930,25,586720,88
1895,14,3891066,88
3892,9,10057747,88
2438,26,2416328,88
2969,2,5856352,88
1266,20,908144,88
2038,28,1623427,88
1130,47,732517,88
2282,7,3349170,88
2935,44,2246905,88
3971,8,4769612,88
3719,47,1645494,88
930,35,752266,88
2485,14,1440264,88
1569,17,1567837,88
3191,36,983660,88
2315,40,1544568,88
3653,4,3595595,88
3233,2,7532890,88
2015,6,5744009,88
1755,42,1106325,88
3124,4,9070757,88
1984,29,1570921,88
1259,18,1843086,88
821,26,725672,88
3100,44,688888,88
1547,34,1006604,88
3704,10,3294708,88
1274,36,1101456,88
1882,14,3218219,88
3358,31,3373561,88
2847,48,737274,88
3547,15,4900535,88
1775,8,4580486,88
2606,14,2987127,88
989,23,540653,88
3805,40,2394106,88
3534,21,4253340,88
3805,16,4236721,88
1362,45,934332,88
2699,18,2477296,88
2067,47,710757,88
3679,24,5204702,88
2328,26,2366800,88
1446,25,1026660,88
2868,45,1924167,88
3688,41,3499984,88
3974,39,1768024,89
1660,18,1815328,89
2094,4,7305068,89
1930,25,586720,89
1895,14,3891066,89
3892,9,10057747,89
2438,26,2416328,89
2969,2,5856352,89
1266,20,908144,89
2038,28,1623427,89
1130,47,732517,89
2282,7,3349170,89
2935,44,2246905,89
3971,8,4769612,89
3719,47,1645494,89
930,35,752266,89
2485,14,1440264,89
1569,17,1567837,89
3191,36,983660,89
2315,40,1544568,89
3653,4,3595595,89
3233,2,7532890,89
2015,6,5744009,89
1755,42,1106325,89
3124,4,9070757,89
1984,29,1570921,89
1259,18,1843086,89
821,26,725672,89
3100,44,688888,89
1547,34,1006604,89
3704,10,3294708,89
1274,36,1101456,89
1882,14,3218219,89
3358,31,3373561,89
2847,48,737274,89
3547,15,4900535,89
1775,8,4580486,89
2606,14,2987127,89
989,23,540653,89
3805,40,2394106,89
3534,21,4253340,89
3805,16,4236721,89
1362,45,934332,89
2699,18,2477296,89
2067,47,710757,89
3679,24,5204702,89
2328,26,2366800,89
1446,25,1026660,89
2868,45,1924167,89
3688,41,3499984,89
3974,39,1768024,90
1660,18,1815328,90
2094,4,7305068,90
1930,25,586720,90
1895,14,3891066,90
3892,9,10057747,90
2438,26,2416328,90
2969,2,5856352,90
1266,20,908144,90
2038,28,1623427,90
1130,47,732517,90
2282,7,3349170,90
2935,44,2246905,90
3971,8,4769612,90
3719,47,1645494,90
930,35,752266,90
2485,14,1440264,90
1569,17,1567837,90
3191,36,983660,90
2315,40,1544568,90
3653,4,3595595,90
3233,2,7532890,90
2015,6,5744009,90
1755,42,1106325,90
3124,4,9070757,90
1984,29,1570921,90
1259,18,1843086,90
821,26,725672,90
3100,44,688888,90
1547,34,1006604,90
3704,10,3294708,90
1274,36,1101456,90
1882,14,3218219,90
3358,31,3373561,90
2847,48,737274,90
3547,15,4900535,90
1775,8,4580486,90
2606,14,2987127,90
989,23,540653,90
3805,40,2394106,90
3534,21,4253340,90
3805,16,4236721,90
1362,45,934332,90
2699,18,2477296,90
2067,47,710757,90
3679,24,5204702,90
2328,26,2366800,90
1446,25,1026660,90
2868,45,1924167,90
3688,41,3499984,90
3974,39,1768024,91
1660,18,1815328,91
2094,4,7305068,91
1930,25,586720,91
1895,14,3891066,91
3892,9,10057747,91
2438,26,2416328,91
2969,2,5856352,91
1266,20,908144,91
2038,28,1623427,91
1130,47,732517,91
2282,7,3349170,91
2935,44,2246905,91
3971,8,4769612,91
3719,47,1645494,91
930,35,752266,91
2485,14,1440264,91
1569,17,1567837,91
3191,36,983660,91
2315,40,1544568,91
3653,4,3595595,91
3233,2,7532890,91
2015,6,5744009,91
1755,42,1106325,91
3124,4,9070757,91
1984,29,1570921,91
1259,18,1843086,91
821,26,725672,91
3100,44,688888,91
1547,34,1006604,91
3704,10,3294708,91
1274,36,1101456,91
1882,14,3218219,91
3358,31,3373561,91
2847,48,737274,91
3547,15,4900535,91
1775,8,4580486,91
2606,14,2987127,91
989,23,540653,91
3805,40,2394106,91
3534,21,4253340,91
3805,16,4236721,91
1362,45,934332,91
2699,18,2477296,91
2067,47,710757,91
3679,24,5204702,91
2328,26,2366800,91
1446,25,1026660,91
2868,45,1924167,91
3688,41,3499984,91
3974,39,1768024,92
1660,18,1815328,92
2094,4,7305068,92
1930,25,586720,92
1895,14,3891066,92
3892,9,10057747,92
2438,26,2416328,92
2969,2,5856352,92
1266,20,908144,92
2038,28,1623427,92
1130,47,732517,92
2282,7,3349170,92
2935,44,2246905,92
3971,8,4769612,92
3719,47,1645494,92
930,35,752266,92
2485,14,1440264,92
1569,17,1567837,92
3191,36,983660,92
2315,40,1544568,92
3653,4,3595595,92
3233,2,7532890,92
2015,6,5744009,92
1755,42,1106325,92
3124,4,9070757,92
1984,29,1570921,92
1259,18,1843086,92
821,26,725672,92
3100,44,688888,92
1547,34,1006604,92
3704,10,3294708,92
1274,36,1101456,92
1882,14,3218219,92
3358,31,3373561,92
2847,48,737274,92
3547,15,4900535,92
1775,8,4580486,92
2606,14,2987127,92
989,23,540653,92
3805,40,2394106,92
3534,21,4253340,92
3805,16,4236721,92
1362,45,934332,92
2699,18,2477296,92
2067,47,710757,92
3679,24,5204702,92
2328,26,2366800,92
1446,25,1026660,92
2868,45,1924167,92
3688,41,3499984,92
3974,39,1768024,93
1660,18,1815328,93
2094,4,7305068,93
1930,25,586720,93
1895,14,3891066,93
3892,9,10057747,93
2438,26,2416328,93
2969,2,5856352,93
1266,20,908144,93
2038,28,1623427,93
1130,47,732517,93
2282,7,3349170,93
2935,44,2246905,93
3971,8,4769612,93
3719,47,1645494,93
930,35,752266,93
2485,14,1440264,93
1569,17,1567837,93
3191,36,983660,93
2315,40,1544568,93
3653,4,3595595,93
3233,2,7532890,93
2015,6,5744009,93
1755,42,1106325,93
3124,4,9070757,93
1984,29,1570921,93
1259,18,1843086,93
821,26,725672,93
3100,44,688888,93
1547,34,1006604,93
3704,10,3294708,93
1274,36,1101456,93
1882,14,3218219,93
3358,31,3373561,93
2847,48,737274,93
3547,15,4900535,93
1775,8,4580486,93
2606,14,2987127,93
989,23,540653,93
3805,40,2394106,93
3534,21,4253340,93
3805,16,4236721,93
1362,45,934332,93
2699,18,2477296,93
2067,47,710757,93
3679,24,5204702,93
2328,26,2366800,93
1446,25,1026660,93
2868,45,1924167,93
3688,41,3499984,93
3974,39,1768024,94
1660,18,1815328,94
2094,4,7305068,94
1930,25,586720,94
1895,14,3891066,94
3892,9,10057747,94
2438,26,2416328,94
2969,2,5856352,94
1266,20,908144,94
2038,28,1623427,94
1130,47,732517,94
2282,7,3349170,94
2935,44,2246905,94
3971,8,4769612,94
3719,47,1645494,94
930,35,752266,94
2485,14,1440264,94
1569,17,1567837,94
3191,36,983660,94
2315,40,1544568,94
3653,4,3595595,94
3233,2,7532890,94
2015,6,5744009,94
1755,42,1106325,94
3124,4,9070757,94
1984,29,1570921,94
1259,18,1843086,94
821,26,725672,94
3100,44,688888,94
1547,34,1006604,94
3704,10,3294708,94
1274,36,1101456,94
1882,14,3218219,94
3358,31,3373561,94
2847,48,737274,94
3547,15,4900535,94
1775,8,4580486,94
2606,14,2987127,94
989,23,540653,94
3805,40,2394106,94
3534,21,4253340,94
3805,16,4236721,94
1362,45,934332,94
2699,18,2477296,94
2067,47,710757,94
3679,24,5204702,94
2328,26,2366800,94
1446,25,1026660,94
2868,45,1924167,94
3688,41,3499984,94
3974,39,1768024,95
1660,18,1815328,95
2094,4,7305068,95
1930,25,586720,95
1895,14,3891066,95
3892,9,10057747,95
2438,26,2416328,95
2969,2,5856352,95
1266,20,908144,95
2038,28,1623427,95
1130,47,732517,95
2282,7,3349170,95
2935,44,2246905,95
3971,8,4769612,95
3719,47,1645494,95
930,35,752266,95
2485,14,1440264,95
1569,17,1567837,95
3191,36,983660,95
2315,40,1544568,95
3653,4,3595595,95
3233,2,7532890,95
2015,6,5744009,95
1755,42,1106325,95
3124,4,9070757,95
1984,29,1570921,95
1259,18,1843086,95
821,26,725672,95
3100,44,688888,95
1547,34,1006604,95
3704,10,3294708,95
1274,36,1101456,95
1882,14,3218219,95
3358,31,3373561,95
2847,48,737274,95
3547,15,4900535,95
1775,8,4580486,95
2606,14,2987127,95
989,23,540653,95
3805,40,2394106,95
3534,21,4253340,95
3805,16,4236721,95
1362,45,934332,95
2699,18,2477296,95
2067,47,710757,95
3679,24,5204702,95
2328,26,2366800,95
1446,25,1026660,95
2868,45,1924167,95
3688,41,3499984,95
3974,39,1768024,96
1660,18,1815328,96
2094,4,7305068,96
1930,25,586720,96
1895,14,3891066,96
3892,9,10057747,96
2438,26,2416328,96
2969,2,5856352,96
1266,20,908144,96
2038,28,1623427,96
1130,47,732517,96
2282,7,3349170,96
2935,44,2246905,96
3971,8,4769612,96
3719,47,1645494,96
930,35,752266,96
2485,14,1440264,96
1569,17,1567837,96
3191,36,983660,96
2315,40,1544568,96
3653,4,3595595,96
3233,2,7532890,96
2015,6,5744009,96
1755,42,1106325,96
3124,4,9070757,96
1984,29,1570921,96
1259,18,1843086,96
821,26,725672,96
3100,44,688888,96
1547,34,1006604,96
3704,10,3294708,96
1274,36,1101456,96
1882,14,3218219,96
3358,31,3373561,96
2847,48,737274,96
3547,15,4900535,96
1775,8,4580486,96
2606,14,2987127,96
989,23,540653,96
3805,40,2394106,96
3534,21,4253340,96
3805,16,4236721,96
1362,45,934332,96
2699,18,2477296,96
2067,47,710757,96
3679,24,5204702,96
2328,26,2366800,96
1446,25,1026660,96
2868,45,1924167,96
3688,41,3499984,96
3974,39,1768024,97
1660,18,1815328,97
2094,4,7305068,97
1930,25,586720,97
1895,14,3891066,97
3892,9,10057747,97
2438,26,2416328,97
2969,2,5856352,97
1266,20,908144,97
2038,28,1623427,97
1130,47,732517,97
2282,7,3349170,97
2935,44,2246905,97
3971,8,4769612,97
3719,47,1645494,97
930,35,752266,97
2485,14,1440264,97
1569,17,1567837,97
3191,36,983660,97
2315,40,1544568,97
3653,4,3595595,97
3233,2,7532890,97
2015,6,5744009,97
1755,42,1106325,97
3124,4,9070757,97
1984,29,1570921,97
1259,18,1843086,97
821,26,725672,97
3100,44,688888,97
1547,34,1006604,97
3704,10,3294708,97
1274,36,1101456,97
1882,14,3218219,97
3358,31,3373561,97
2847,48,737274,97
3547,15,4900535,97
1775,8,4580486,97
2606,14,2987127,97
989,23,540653,97
3805,40,2394106,97
3534,21,4253340,97
3805,16,4236721,97
1362,45,934332,97
2699,18,2477296,97
2067,47,710757,97
3679,24,5204702,97
2328,26,2366800,97
1446,25,1026660,97
2868,45,1924167,97
3688,41,3499984,97
3974,39,1768024,98
1660,18,1815328,98
2094,4,7305068,98
1930,25,586720,98
1895,14,3891066,98
3892,9,10057747,98
2438,26,2416328,98
2969,2,5856352,98
1266,20,908144,98
2038,28,1623427,98
1130,47,732517,98
2282,7,3349170,98
2935,44,2246905,98
3971,8,4769612,98
3719,47,1645494,98
930,35,752266,98
2485,14,1440264,98
1569,17,1567837,98
3191,36,983660,98
2315,40,1544568,98
3653,4,3595595,98
3233,2,7532890,98
2015,6,5744009,98
1755,42,1106325,98
3124,4,9070757,98
1984,29,1570921,98
1259,18,1843086,98
821,26,725672,98
3100,44,688888,98
1547,34,1006604,98
3704,10,3294708,98
1274,36,1101456,98
1882,14,3218219,98
3358,31,3373561,98
2847,48,737274,98
3547,15,4900535,98
1775,8,4580486,98
2606,14,2987127,98
989,23,540653,98
3805,40,2394106,98
3534,21,4253340,98
3805,16,4236721,98
1362,45,934332,98
2699,18,2477296,98
2067,47,710757,98
3679,24,5204702,98
2328,26,2366800,98
1446,25,1026660,98
2868,45,1924167,98
3688,41,3499984,98
3974,39,1768024,99
1660,18,1815328,99
2094,4,7305068,99
1930,25,586720,99
1895,14,3891066,99
3892,9,10057747,99
2438,26,2416328,99
2969,2,5856352,99
1266,20,908144,99
2038,28,1623427,99
1130,47,732517,99
2282,7,3349170,99
2935,44,2246905,99
3971,8,4769612,99
3719,47,1645494,99
930,35,752266,99
2485,14,1440264,99
1569,17,1567837,99
3191,36,983660,99
2315,40,1544568,99
3653,4,3595595,99
3233,2,7532890,99
2015,6,5744009,99
1755,42,1106325,99
3124,4,9070757,99
1984,29,1570921,99
1259,18,1843086,99
821,26,725672,99
3100,44,688888,99
1547,34,1006604,99
3704,10,3294708,99
1274,36,1101456,99
1882,14,3218219,99
3358,31,3373561,99
2847,48,737274,99
3547,15,4900535,99
1775,8,4580486,99
2606,14,2987127,99
989,23,540653,99
3805,40,2394106,99
3534,21,4253340,99
3805,16,4236721,99
1362,45,934332,99
2699,18,2477296,99
2067,47,710757,99
3679,24,5204702,99
2328,26,2366800,99
1446,25,1026660,99
2868,45,1924167,99
3688,41,3499984,99
3974,39,1768024,100
1660,18,1815328,100
2094,4,7305068,100
1930,25,586720,100
1895,14,3891066,100
3892,9,10057747,100
2438,26,2416328,100
2969,2,5856352,100
1266,20,908144,100
2038,28,1623427,100
1130,47,732517,100
2282,7,3349170,100
2935,44,2246905,100
3971,8,4769612,100
3719,47,1645494,100
930,35,752266,100
2485,14,1440264,100
1569,17,1567837,100
3191,36,983660,100
2315,40,1544568,100
3653,4,3595595,100
3233,2,7532890,100
2015,6,5744009,100
1755,42,1106325,100
3124,4,9070757,100
1984,29,1570921,100
1259,18,1843086,100
821,26,725672,100
3100,44,688888,100
1547,34,1006604,100
3704,10,3294708,100
1274,36,1101456,100
1882,14,3218219,100
3358,31,3373561,100
2847,48,737274,100
3547,15,4900535,100
1775,8,4580486,100
2606,14,2987127,100
989,23,540653,100
3805,40,2394106,100
3534,21,4253340,100
3805,16,4236721,100
1362,45,934332,100
2699,18,2477296,100
2067,47,710757,100
3679,24,5204702,100
2328,26,2366800,100
1446,25,1026660,100
2868,45,1924167,100
3688,41,3499984,100
